OrderID,OrderDate,CustomerID,Region,Category,SubCategory,Sales,Profit,Discount
ORD-20250001,2025-01-01,CUST-202,Central,Furniture,Bookcases,47.01,7.51,0.0
ORD-20250002,2025-01-01,CUST-279,West,Furniture,Chairs,1054.92,196.09,0.15
ORD-20250003,2025-01-01,CUST-192,East,Furniture,Bookcases,208.42,37.52,0.0
ORD-20250004,2025-01-01,CUST-114,East,Furniture,Chairs,1573.97,180.39,0.15
ORD-20250005,2025-01-02,CUST-206,East,Office Supplies,Storage,951.19,76.17,0.05
ORD-20250006,2025-01-02,CUST-171,West,Technology,Laptops,1265.45,-97.96,0.0
ORD-20250007,2025-01-02,CUST-288,Central,Furniture,Bookcases,751.33,-68.16,0.1
ORD-20250008,2025-01-03,CUST-120,East,Furniture,Tables,1017.83,51.24,0.05
ORD-20250009,2025-01-03,CUST-202,Central,Office Supplies,Binders,1697.93,68.15,0.05
ORD-20250010,2025-01-03,CUST-221,South,Furniture,Bookcases,167.27,10.51,0.0
ORD-20250011,2025-01-04,CUST-174,West,Office Supplies,Paper,472.01,-19.77,0.0
ORD-20250012,2025-01-04,CUST-187,Central,Office Supplies,Paper,1408.38,295.8,0.0
ORD-20250013,2025-01-04,CUST-216,West,Technology,Printers,195.75,50.88,0.0
ORD-20250014,2025-01-04,CUST-199,Central,Technology,Phones,154.68,45.52,0.0
ORD-20250015,2025-01-05,CUST-203,West,Furniture,Furnishings,663.54,70.86,0.0
ORD-20250016,2025-01-05,CUST-251,West,Technology,Phones,184.06,35.77,0.0
ORD-20250017,2025-01-05,CUST-230,East,Furniture,Chairs,1061.44,275.26,0.0
ORD-20250018,2025-01-06,CUST-249,West,Office Supplies,Binders,422.77,32.0,0.0
ORD-20250019,2025-01-06,CUST-152,East,Technology,Printers,1614.34,48.35,0.0
ORD-20250020,2025-01-06,CUST-101,West,Technology,Phones,1414.63,415.09,0.2
ORD-20250021,2025-01-07,CUST-187,East,Technology,Printers,1265.48,147.53,0.0
ORD-20250022,2025-01-07,CUST-257,South,Office Supplies,Binders,1118.16,121.71,0.1
ORD-20250023,2025-01-07,CUST-137,Central,Furniture,Tables,1556.97,-39.03,0.0
ORD-20250024,2025-01-07,CUST-229,West,Technology,Printers,417.05,-22.76,0.2
ORD-20250025,2025-01-08,CUST-291,East,Office Supplies,Binders,1574.13,399.33,0.0
ORD-20250026,2025-01-08,CUST-287,South,Office Supplies,Storage,1425.3,225.11,0.2
ORD-20250027,2025-01-08,CUST-120,Central,Technology,Accessories,1351.73,49.81,0.1
ORD-20250028,2025-01-09,CUST-260,Central,Office Supplies,Binders,1019.04,-19.84,0.0
ORD-20250029,2025-01-09,CUST-157,East,Office Supplies,Storage,458.31,61.1,0.15
ORD-20250030,2025-01-09,CUST-121,West,Furniture,Chairs,773.92,112.41,0.05
ORD-20250031,2025-01-10,CUST-188,East,Technology,Printers,1432.56,-18.71,0.0
ORD-20250032,2025-01-10,CUST-148,East,Technology,Phones,76.57,19.72,0.1
ORD-20250033,2025-01-10,CUST-158,Central,Technology,Printers,1412.05,-91.23,0.2
ORD-20250034,2025-01-11,CUST-269,Central,Office Supplies,Binders,447.33,22.17,0.05
ORD-20250035,2025-01-11,CUST-287,West,Office Supplies,Paper,276.87,51.43,0.0
ORD-20250036,2025-01-11,CUST-114,South,Technology,Laptops,225.95,3.42,0.1
ORD-20250037,2025-01-11,CUST-289,West,Technology,Laptops,68.51,16.96,0.1
ORD-20250038,2025-01-12,CUST-289,West,Technology,Printers,951.98,200.62,0.15
ORD-20250039,2025-01-12,CUST-274,West,Technology,Printers,408.5,94.52,0.1
ORD-20250040,2025-01-12,CUST-289,South,Office Supplies,Appliances,1781.19,-89.02,0.0
ORD-20250041,2025-01-13,CUST-150,East,Technology,Phones,1042.5,-42.71,0.2
ORD-20250042,2025-01-13,CUST-207,South,Technology,Accessories,265.44,5.39,0.0
ORD-20250043,2025-01-13,CUST-154,Central,Technology,Printers,1246.0,146.52,0.0
ORD-20250044,2025-01-14,CUST-163,East,Furniture,Furnishings,1617.98,346.52,0.05
ORD-20250045,2025-01-14,CUST-230,West,Furniture,Chairs,1346.42,338.41,0.05
ORD-20250046,2025-01-14,CUST-150,South,Office Supplies,Appliances,156.06,30.56,0.0
ORD-20250047,2025-01-14,CUST-234,West,Technology,Phones,1614.67,468.27,0.1
ORD-20250048,2025-01-15,CUST-120,South,Office Supplies,Binders,1433.19,301.36,0.0
ORD-20250049,2025-01-15,CUST-172,South,Furniture,Furnishings,301.78,8.64,0.05
ORD-20250050,2025-01-15,CUST-266,West,Technology,Printers,112.18,1.27,0.15
ORD-20250051,2025-01-16,CUST-117,West,Furniture,Tables,1012.01,194.71,0.0
ORD-20250052,2025-01-16,CUST-231,South,Office Supplies,Binders,297.74,-5.66,0.0
ORD-20250053,2025-01-16,CUST-188,Central,Office Supplies,Binders,1505.57,-91.93,0.0
ORD-20250054,2025-01-17,CUST-159,East,Furniture,Furnishings,657.84,81.27,0.2
ORD-20250055,2025-01-17,CUST-113,East,Furniture,Bookcases,1644.95,403.16,0.0
ORD-20250056,2025-01-17,CUST-108,West,Office Supplies,Storage,1026.92,-58.97,0.0
ORD-20250057,2025-01-18,CUST-189,South,Furniture,Bookcases,345.16,80.28,0.05
ORD-20250058,2025-01-18,CUST-152,Central,Technology,Printers,268.49,64.67,0.05
ORD-20250059,2025-01-18,CUST-229,Central,Office Supplies,Binders,1046.12,107.28,0.0
ORD-20250060,2025-01-18,CUST-183,East,Technology,Printers,1376.15,-104.49,0.05
ORD-20250061,2025-01-19,CUST-191,East,Furniture,Tables,1411.08,-37.64,0.0
ORD-20250062,2025-01-19,CUST-210,South,Technology,Printers,510.85,100.7,0.2
ORD-20250063,2025-01-19,CUST-287,East,Technology,Printers,383.56,76.31,0.0
ORD-20250064,2025-01-20,CUST-298,East,Technology,Laptops,49.83,13.82,0.0
ORD-20250065,2025-01-20,CUST-271,East,Office Supplies,Storage,1228.97,177.87,0.05
ORD-20250066,2025-01-20,CUST-107,Central,Technology,Laptops,156.29,-7.48,0.0
ORD-20250067,2025-01-21,CUST-274,South,Technology,Phones,768.95,-37.68,0.1
ORD-20250068,2025-01-21,CUST-134,East,Technology,Phones,1090.99,221.34,0.0
ORD-20250069,2025-01-21,CUST-180,West,Furniture,Tables,1688.05,-38.51,0.0
ORD-20250070,2025-01-21,CUST-263,Central,Office Supplies,Appliances,575.01,21.81,0.1
ORD-20250071,2025-01-22,CUST-149,South,Furniture,Chairs,464.59,48.61,0.05
ORD-20250072,2025-01-22,CUST-203,East,Furniture,Chairs,1184.41,-106.12,0.05
ORD-20250073,2025-01-22,CUST-231,West,Office Supplies,Appliances,1122.25,5.05,0.0
ORD-20250074,2025-01-23,CUST-101,West,Furniture,Furnishings,611.16,43.58,0.0
ORD-20250075,2025-01-23,CUST-233,South,Technology,Accessories,1672.02,29.17,0.0
ORD-20250076,2025-01-23,CUST-153,West,Technology,Printers,1523.85,-65.11,0.0
ORD-20250077,2025-01-24,CUST-205,East,Technology,Laptops,418.69,86.15,0.05
ORD-20250078,2025-01-24,CUST-103,Central,Furniture,Tables,445.67,107.64,0.15
ORD-20250079,2025-01-24,CUST-153,Central,Furniture,Bookcases,931.89,7.59,0.0
ORD-20250080,2025-01-24,CUST-290,East,Office Supplies,Paper,1396.96,314.67,0.0
ORD-20250081,2025-01-25,CUST-245,South,Technology,Phones,98.39,6.09,0.0
ORD-20250082,2025-01-25,CUST-143,East,Furniture,Furnishings,1254.14,141.48,0.0
ORD-20250083,2025-01-25,CUST-261,West,Furniture,Tables,1173.86,304.64,0.0
ORD-20250084,2025-01-26,CUST-289,West,Furniture,Chairs,432.03,92.88,0.2
ORD-20250085,2025-01-26,CUST-113,Central,Office Supplies,Storage,1232.81,293.59,0.1
ORD-20250086,2025-01-26,CUST-194,West,Furniture,Bookcases,1693.53,-72.02,0.2
ORD-20250087,2025-01-27,CUST-147,South,Technology,Laptops,103.28,-7.3,0.15
ORD-20250088,2025-01-27,CUST-114,Central,Office Supplies,Storage,588.98,162.1,0.05
ORD-20250089,2025-01-27,CUST-299,Central,Furniture,Bookcases,799.95,50.31,0.05
ORD-20250090,2025-01-28,CUST-289,Central,Furniture,Tables,1620.68,33.89,0.0
ORD-20250091,2025-01-28,CUST-139,Central,Furniture,Furnishings,1732.83,354.14,0.05
ORD-20250092,2025-01-28,CUST-181,East,Furniture,Furnishings,810.53,203.68,0.2
ORD-20250093,2025-01-28,CUST-210,West,Office Supplies,Storage,1355.05,355.36,0.0
ORD-20250094,2025-01-29,CUST-152,South,Technology,Printers,966.36,31.62,0.15
ORD-20250095,2025-01-29,CUST-123,East,Technology,Printers,977.25,252.06,0.0
ORD-20250096,2025-01-29,CUST-253,Central,Technology,Accessories,515.02,-42.65,0.15
ORD-20250097,2025-01-30,CUST-287,South,Office Supplies,Appliances,406.18,-32.15,0.2
ORD-20250098,2025-01-30,CUST-223,East,Technology,Accessories,532.65,86.22,0.1
ORD-20250099,2025-01-30,CUST-140,Central,Office Supplies,Paper,1010.26,-74.25,0.1
ORD-20250100,2025-01-31,CUST-256,West,Furniture,Tables,71.9,2.61,0.05
ORD-20250101,2025-01-31,CUST-114,West,Office Supplies,Binders,1634.9,298.46,0.15
ORD-20250102,2025-01-31,CUST-144,East,Office Supplies,Appliances,298.19,12.42,0.2
ORD-20250103,2025-01-31,CUST-164,East,Office Supplies,Appliances,411.76,-10.12,0.1
ORD-20250104,2025-02-01,CUST-188,Central,Office Supplies,Appliances,942.53,17.12,0.1
ORD-20250105,2025-02-01,CUST-170,Central,Furniture,Tables,1284.0,118.36,0.1
ORD-20250106,2025-02-01,CUST-108,Central,Furniture,Chairs,190.4,18.98,0.15
ORD-20250107,2025-02-02,CUST-187,West,Technology,Phones,585.5,134.0,0.05
ORD-20250108,2025-02-02,CUST-228,East,Technology,Laptops,1744.24,375.12,0.15
ORD-20250109,2025-02-02,CUST-235,Central,Furniture,Chairs,486.97,44.73,0.05
ORD-20250110,2025-02-03,CUST-162,East,Furniture,Tables,577.23,147.3,0.0
ORD-20250111,2025-02-03,CUST-238,South,Technology,Phones,1508.97,-78.5,0.0
ORD-20250112,2025-02-03,CUST-180,Central,Furniture,Bookcases,109.38,0.79,0.05
ORD-20250113,2025-02-04,CUST-235,Central,Office Supplies,Storage,847.01,209.85,0.0
ORD-20250114,2025-02-04,CUST-262,South,Furniture,Tables,695.72,40.88,0.0
ORD-20250115,2025-02-04,CUST-262,East,Office Supplies,Paper,583.52,182.11,0.05
ORD-20250116,2025-02-04,CUST-132,Central,Office Supplies,Appliances,528.55,50.65,0.0
ORD-20250117,2025-02-05,CUST-222,West,Office Supplies,Paper,182.65,42.49,0.0
ORD-20250118,2025-02-05,CUST-104,South,Furniture,Bookcases,580.39,40.03,0.1
ORD-20250119,2025-02-05,CUST-140,East,Office Supplies,Storage,96.63,7.58,0.2
ORD-20250120,2025-02-06,CUST-127,Central,Office Supplies,Paper,1410.12,85.75,0.1
ORD-20250121,2025-02-06,CUST-234,South,Office Supplies,Paper,728.85,147.24,0.2
ORD-20250122,2025-02-06,CUST-171,East,Technology,Printers,810.15,105.29,0.1
ORD-20250123,2025-02-07,CUST-111,West,Furniture,Furnishings,1610.6,477.36,0.0
ORD-20250124,2025-02-07,CUST-261,Central,Technology,Phones,1191.34,6.4,0.1
ORD-20250125,2025-02-07,CUST-132,West,Technology,Phones,34.35,-1.98,0.1
ORD-20250126,2025-02-07,CUST-147,East,Furniture,Chairs,1698.85,110.71,0.0
ORD-20250127,2025-02-08,CUST-250,East,Office Supplies,Paper,442.12,70.31,0.0
ORD-20250128,2025-02-08,CUST-161,East,Office Supplies,Binders,211.55,55.33,0.1
ORD-20250129,2025-02-08,CUST-136,South,Technology,Phones,1387.27,62.99,0.0
ORD-20250130,2025-02-09,CUST-198,West,Office Supplies,Appliances,910.85,159.03,0.1
ORD-20250131,2025-02-09,CUST-271,East,Furniture,Bookcases,792.11,37.3,0.0
ORD-20250132,2025-02-09,CUST-203,West,Office Supplies,Binders,464.12,73.9,0.05
ORD-20250133,2025-02-10,CUST-134,West,Office Supplies,Paper,994.5,270.13,0.05
ORD-20250134,2025-02-10,CUST-292,East,Furniture,Bookcases,508.4,-1.44,0.0
ORD-20250135,2025-02-10,CUST-200,West,Technology,Laptops,1624.82,113.38,0.0
ORD-20250136,2025-02-10,CUST-274,West,Office Supplies,Storage,403.06,127.84,0.1
ORD-20250137,2025-02-11,CUST-230,West,Furniture,Chairs,1594.15,422.12,0.15
ORD-20250138,2025-02-11,CUST-100,Central,Technology,Phones,1015.74,139.31,0.15
ORD-20250139,2025-02-11,CUST-104,East,Office Supplies,Appliances,1494.71,174.86,0.05
ORD-20250140,2025-02-12,CUST-241,Central,Technology,Phones,1288.87,25.17,0.1
ORD-20250141,2025-02-12,CUST-202,West,Office Supplies,Paper,1260.12,147.72,0.0
ORD-20250142,2025-02-12,CUST-126,West,Furniture,Tables,597.34,153.06,0.0
ORD-20250143,2025-02-13,CUST-236,Central,Office Supplies,Appliances,436.34,81.93,0.0
ORD-20250144,2025-02-13,CUST-114,West,Technology,Laptops,395.38,8.63,0.05
ORD-20250145,2025-02-13,CUST-189,South,Office Supplies,Storage,1545.8,-23.78,0.0
ORD-20250146,2025-02-14,CUST-141,Central,Office Supplies,Paper,1480.36,16.86,0.0
ORD-20250147,2025-02-14,CUST-223,West,Technology,Accessories,804.22,-23.08,0.1
ORD-20250148,2025-02-14,CUST-278,Central,Furniture,Tables,255.68,-15.3,0.1
ORD-20250149,2025-02-14,CUST-162,Central,Office Supplies,Paper,700.41,53.26,0.0
ORD-20250150,2025-02-15,CUST-195,East,Furniture,Chairs,1122.43,-58.83,0.0
ORD-20250151,2025-02-15,CUST-151,East,Technology,Laptops,828.84,-23.04,0.05
ORD-20250152,2025-02-15,CUST-195,East,Furniture,Tables,1408.74,182.96,0.05
ORD-20250153,2025-02-16,CUST-231,South,Furniture,Tables,1795.77,-55.43,0.1
ORD-20250154,2025-02-16,CUST-250,Central,Office Supplies,Binders,360.22,-26.36,0.0
ORD-20250155,2025-02-16,CUST-242,South,Office Supplies,Binders,838.18,27.91,0.1
ORD-20250156,2025-02-17,CUST-270,Central,Furniture,Chairs,787.15,-5.88,0.15
ORD-20250157,2025-02-17,CUST-128,West,Technology,Laptops,562.0,65.43,0.0
ORD-20250158,2025-02-17,CUST-135,East,Furniture,Chairs,372.61,-21.24,0.2
ORD-20250159,2025-02-17,CUST-112,Central,Furniture,Chairs,136.93,29.54,0.0
ORD-20250160,2025-02-18,CUST-259,West,Technology,Laptops,1599.07,448.73,0.0
ORD-20250161,2025-02-18,CUST-170,South,Office Supplies,Binders,767.33,162.86,0.05
ORD-20250162,2025-02-18,CUST-286,East,Office Supplies,Appliances,904.47,111.96,0.0
ORD-20250163,2025-02-19,CUST-185,West,Office Supplies,Paper,1652.16,432.01,0.0
ORD-20250164,2025-02-19,CUST-127,Central,Office Supplies,Binders,1401.8,268.96,0.05
ORD-20250165,2025-02-19,CUST-165,Central,Furniture,Tables,252.29,-24.11,0.1
ORD-20250166,2025-02-20,CUST-269,West,Office Supplies,Binders,1026.45,67.25,0.2
ORD-20250167,2025-02-20,CUST-144,Central,Furniture,Furnishings,807.21,207.78,0.1
ORD-20250168,2025-02-20,CUST-161,East,Technology,Printers,1439.04,65.13,0.0
ORD-20250169,2025-02-21,CUST-284,Central,Furniture,Bookcases,1309.13,-111.55,0.1
ORD-20250170,2025-02-21,CUST-233,Central,Furniture,Chairs,1248.92,266.51,0.1
ORD-20250171,2025-02-21,CUST-127,South,Office Supplies,Storage,626.17,148.31,0.15
ORD-20250172,2025-02-21,CUST-127,Central,Technology,Laptops,1452.84,-47.29,0.15
ORD-20250173,2025-02-22,CUST-207,West,Technology,Printers,113.26,14.23,0.15
ORD-20250174,2025-02-22,CUST-143,East,Technology,Printers,304.13,-5.89,0.05
ORD-20250175,2025-02-22,CUST-183,South,Technology,Accessories,617.41,124.77,0.1
ORD-20250176,2025-02-23,CUST-129,West,Office Supplies,Appliances,156.72,2.2,0.0
ORD-20250177,2025-02-23,CUST-289,South,Technology,Laptops,438.29,14.38,0.2
ORD-20250178,2025-02-23,CUST-174,East,Furniture,Furnishings,1497.67,381.74,0.0
ORD-20250179,2025-02-24,CUST-227,Central,Furniture,Bookcases,1707.89,170.88,0.0
ORD-20250180,2025-02-24,CUST-191,Central,Furniture,Tables,562.19,101.92,0.0
ORD-20250181,2025-02-24,CUST-289,South,Office Supplies,Storage,490.84,33.87,0.1
ORD-20250182,2025-02-24,CUST-228,West,Furniture,Furnishings,518.21,13.04,0.05
ORD-20250183,2025-02-25,CUST-220,Central,Office Supplies,Storage,514.34,83.68,0.05
ORD-20250184,2025-02-25,CUST-126,West,Furniture,Bookcases,83.96,-2.94,0.2
ORD-20250185,2025-02-25,CUST-289,East,Furniture,Chairs,1669.91,94.62,0.2
ORD-20250186,2025-02-26,CUST-220,Central,Office Supplies,Appliances,400.38,-4.89,0.0
ORD-20250187,2025-02-26,CUST-215,Central,Technology,Printers,767.61,147.56,0.0
ORD-20250188,2025-02-26,CUST-102,South,Technology,Accessories,37.24,11.04,0.15
ORD-20250189,2025-02-27,CUST-202,West,Office Supplies,Paper,1547.16,492.17,0.2
ORD-20250190,2025-02-27,CUST-297,East,Technology,Printers,1321.46,117.76,0.05
ORD-20250191,2025-02-27,CUST-299,East,Office Supplies,Binders,1705.23,10.34,0.1
ORD-20250192,2025-02-27,CUST-254,West,Furniture,Bookcases,1411.28,121.35,0.0
ORD-20250193,2025-02-28,CUST-236,West,Office Supplies,Appliances,578.4,147.99,0.15
ORD-20250194,2025-02-28,CUST-161,Central,Office Supplies,Binders,461.21,-6.22,0.1
ORD-20250195,2025-02-28,CUST-264,West,Furniture,Furnishings,1261.94,378.43,0.05
ORD-20250196,2025-03-01,CUST-150,South,Office Supplies,Binders,668.12,29.12,0.0
ORD-20250197,2025-03-01,CUST-271,South,Furniture,Bookcases,1027.86,322.79,0.2
ORD-20250198,2025-03-01,CUST-251,Central,Office Supplies,Appliances,31.14,7.85,0.1
ORD-20250199,2025-03-02,CUST-158,South,Technology,Printers,130.16,31.19,0.0
ORD-20250200,2025-03-02,CUST-217,Central,Furniture,Chairs,972.95,32.61,0.1
ORD-20250201,2025-03-02,CUST-259,West,Technology,Accessories,1027.61,-98.97,0.1
ORD-20250202,2025-03-03,CUST-195,East,Furniture,Tables,1357.59,82.13,0.05
ORD-20250203,2025-03-03,CUST-279,West,Technology,Printers,254.9,6.82,0.1
ORD-20250204,2025-03-03,CUST-212,West,Office Supplies,Appliances,933.47,-78.69,0.05
ORD-20250205,2025-03-03,CUST-161,South,Office Supplies,Binders,366.12,41.1,0.2
ORD-20250206,2025-03-04,CUST-285,West,Office Supplies,Storage,185.89,12.88,0.0
ORD-20250207,2025-03-04,CUST-151,South,Technology,Phones,750.68,125.0,0.0
ORD-20250208,2025-03-04,CUST-111,Central,Furniture,Chairs,310.74,50.0,0.0
ORD-20250209,2025-03-05,CUST-138,East,Furniture,Furnishings,414.77,-20.44,0.1
ORD-20250210,2025-03-05,CUST-229,South,Technology,Laptops,585.25,181.62,0.1
ORD-20250211,2025-03-05,CUST-230,West,Furniture,Furnishings,481.71,-10.35,0.15
ORD-20250212,2025-03-06,CUST-212,West,Furniture,Tables,175.91,15.31,0.1
ORD-20250213,2025-03-06,CUST-200,Central,Office Supplies,Paper,180.05,18.91,0.05
ORD-20250214,2025-03-06,CUST-212,East,Furniture,Bookcases,363.98,87.9,0.2
ORD-20250215,2025-03-06,CUST-283,Central,Furniture,Tables,110.0,-6.42,0.0
ORD-20250216,2025-03-07,CUST-180,West,Technology,Phones,1135.09,90.84,0.15
ORD-20250217,2025-03-07,CUST-286,West,Technology,Printers,531.44,87.14,0.05
ORD-20250218,2025-03-07,CUST-212,South,Technology,Laptops,517.95,-4.99,0.1
ORD-20250219,2025-03-08,CUST-101,West,Office Supplies,Storage,610.96,99.91,0.1
ORD-20250220,2025-03-08,CUST-229,East,Technology,Printers,1199.78,345.46,0.1
ORD-20250221,2025-03-08,CUST-153,West,Technology,Printers,1569.73,500.68,0.0
ORD-20250222,2025-03-09,CUST-186,South,Technology,Phones,1371.17,-118.43,0.05
ORD-20250223,2025-03-09,CUST-228,East,Office Supplies,Binders,1315.0,-1.38,0.05
ORD-20250224,2025-03-09,CUST-246,East,Office Supplies,Appliances,882.22,26.76,0.15
ORD-20250225,2025-03-10,CUST-225,East,Office Supplies,Storage,1254.97,84.88,0.05
ORD-20250226,2025-03-10,CUST-229,East,Office Supplies,Binders,1003.92,1.75,0.2
ORD-20250227,2025-03-10,CUST-152,Central,Furniture,Bookcases,404.93,-5.89,0.05
ORD-20250228,2025-03-10,CUST-271,Central,Technology,Printers,391.29,117.74,0.05
ORD-20250229,2025-03-11,CUST-259,West,Office Supplies,Storage,547.58,156.49,0.1
ORD-20250230,2025-03-11,CUST-297,Central,Office Supplies,Paper,1641.23,-131.73,0.05
ORD-20250231,2025-03-11,CUST-259,West,Furniture,Bookcases,994.4,42.06,0.2
ORD-20250232,2025-03-12,CUST-167,South,Office Supplies,Binders,1326.35,93.06,0.1
ORD-20250233,2025-03-12,CUST-282,South,Office Supplies,Storage,636.87,0.25,0.05
ORD-20250234,2025-03-12,CUST-283,West,Furniture,Bookcases,745.73,122.39,0.0
ORD-20250235,2025-03-13,CUST-222,South,Office Supplies,Paper,243.51,41.14,0.05
ORD-20250236,2025-03-13,CUST-244,Central,Office Supplies,Storage,324.91,83.57,0.0
ORD-20250237,2025-03-13,CUST-137,West,Furniture,Bookcases,1492.69,315.2,0.1
ORD-20250238,2025-03-13,CUST-123,East,Office Supplies,Appliances,1061.01,135.68,0.0
ORD-20250239,2025-03-14,CUST-168,West,Technology,Printers,620.81,108.34,0.0
ORD-20250240,2025-03-14,CUST-215,Central,Office Supplies,Binders,1449.08,21.85,0.0
ORD-20250241,2025-03-14,CUST-197,South,Technology,Printers,458.81,68.4,0.0
ORD-20250242,2025-03-15,CUST-297,Central,Furniture,Furnishings,1757.34,185.36,0.0
ORD-20250243,2025-03-15,CUST-238,South,Office Supplies,Appliances,633.78,-27.88,0.15
ORD-20250244,2025-03-15,CUST-243,Central,Furniture,Furnishings,620.41,1.16,0.1
ORD-20250245,2025-03-16,CUST-196,Central,Furniture,Chairs,575.2,12.95,0.1
ORD-20250246,2025-03-16,CUST-223,Central,Technology,Printers,237.36,68.41,0.1
ORD-20250247,2025-03-16,CUST-286,West,Technology,Phones,217.82,-0.71,0.0
ORD-20250248,2025-03-16,CUST-169,West,Office Supplies,Paper,1173.63,25.21,0.15
ORD-20250249,2025-03-17,CUST-192,Central,Technology,Printers,1577.71,86.98,0.0
ORD-20250250,2025-03-17,CUST-102,East,Technology,Accessories,1427.13,255.13,0.0
ORD-20250251,2025-03-17,CUST-247,Central,Furniture,Chairs,271.17,-13.65,0.05
ORD-20250252,2025-03-18,CUST-286,East,Office Supplies,Storage,991.14,297.99,0.0
ORD-20250253,2025-03-18,CUST-263,West,Office Supplies,Storage,207.95,54.8,0.1
ORD-20250254,2025-03-18,CUST-246,Central,Technology,Printers,100.62,14.33,0.0
ORD-20250255,2025-03-19,CUST-189,East,Furniture,Tables,1188.37,217.59,0.1
ORD-20250256,2025-03-19,CUST-294,East,Furniture,Furnishings,972.57,-90.45,0.05
ORD-20250257,2025-03-19,CUST-246,West,Furniture,Tables,166.0,7.03,0.0
ORD-20250258,2025-03-20,CUST-247,South,Office Supplies,Binders,82.19,19.25,0.1
ORD-20250259,2025-03-20,CUST-195,East,Furniture,Furnishings,1781.77,-120.19,0.0
ORD-20250260,2025-03-20,CUST-298,South,Furniture,Furnishings,73.44,1.36,0.05
ORD-20250261,2025-03-20,CUST-151,East,Furniture,Tables,811.26,118.3,0.0
ORD-20250262,2025-03-21,CUST-260,South,Office Supplies,Appliances,918.22,7.06,0.1
ORD-20250263,2025-03-21,CUST-267,South,Furniture,Tables,228.76,66.86,0.1
ORD-20250264,2025-03-21,CUST-227,West,Furniture,Bookcases,320.93,-14.43,0.0
ORD-20250265,2025-03-22,CUST-138,West,Furniture,Furnishings,646.21,151.8,0.2
ORD-20250266,2025-03-22,CUST-181,West,Furniture,Bookcases,1375.78,155.93,0.15
ORD-20250267,2025-03-22,CUST-203,Central,Office Supplies,Paper,922.61,198.49,0.1
ORD-20250268,2025-03-23,CUST-228,East,Furniture,Bookcases,1155.47,35.24,0.1
ORD-20250269,2025-03-23,CUST-110,East,Office Supplies,Storage,1773.61,205.89,0.0
ORD-20250270,2025-03-23,CUST-284,East,Office Supplies,Binders,1387.05,360.45,0.1
ORD-20250271,2025-03-23,CUST-277,West,Furniture,Bookcases,793.16,76.21,0.0
ORD-20250272,2025-03-24,CUST-250,East,Furniture,Furnishings,814.67,41.62,0.0
ORD-20250273,2025-03-24,CUST-258,Central,Office Supplies,Binders,1121.41,140.38,0.2
ORD-20250274,2025-03-24,CUST-141,South,Furniture,Chairs,1204.35,242.43,0.1
ORD-20250275,2025-03-25,CUST-198,West,Furniture,Furnishings,911.27,78.64,0.05
ORD-20250276,2025-03-25,CUST-106,West,Office Supplies,Paper,1167.85,343.73,0.0
ORD-20250277,2025-03-25,CUST-243,West,Technology,Accessories,61.89,1.48,0.1
ORD-20250278,2025-03-26,CUST-189,Central,Technology,Printers,784.73,78.23,0.0
ORD-20250279,2025-03-26,CUST-211,South,Furniture,Furnishings,516.51,112.55,0.0
ORD-20250280,2025-03-26,CUST-159,South,Office Supplies,Paper,249.93,47.34,0.0
ORD-20250281,2025-03-27,CUST-212,South,Technology,Printers,197.19,51.81,0.05
ORD-20250282,2025-03-27,CUST-101,East,Technology,Printers,1093.68,348.51,0.1
ORD-20250283,2025-03-27,CUST-228,Central,Technology,Printers,952.01,75.48,0.0
ORD-20250284,2025-03-27,CUST-147,Central,Technology,Accessories,471.38,-25.13,0.1
ORD-20250285,2025-03-28,CUST-239,East,Technology,Phones,858.29,-74.86,0.0
ORD-20250286,2025-03-28,CUST-296,South,Furniture,Furnishings,896.17,183.97,0.1
ORD-20250287,2025-03-28,CUST-136,East,Furniture,Tables,367.12,98.05,0.2
ORD-20250288,2025-03-29,CUST-259,Central,Technology,Laptops,1180.73,-8.62,0.1
ORD-20250289,2025-03-29,CUST-108,East,Furniture,Tables,1410.04,-47.17,0.15
ORD-20250290,2025-03-29,CUST-198,West,Technology,Laptops,1428.81,-105.55,0.2
ORD-20250291,2025-03-30,CUST-246,Central,Technology,Accessories,1092.4,268.22,0.05
ORD-20250292,2025-03-30,CUST-147,West,Furniture,Furnishings,930.72,28.65,0.1
ORD-20250293,2025-03-30,CUST-230,West,Office Supplies,Paper,128.59,8.84,0.15
ORD-20250294,2025-03-30,CUST-247,West,Technology,Printers,532.34,59.17,0.0
ORD-20250295,2025-03-31,CUST-251,Central,Furniture,Bookcases,186.02,46.98,0.0
ORD-20250296,2025-03-31,CUST-153,East,Technology,Laptops,1735.61,300.87,0.2
ORD-20250297,2025-03-31,CUST-219,West,Office Supplies,Storage,260.44,41.23,0.1
ORD-20250298,2025-04-01,CUST-260,South,Office Supplies,Appliances,290.16,-7.61,0.0
ORD-20250299,2025-04-01,CUST-251,Central,Furniture,Chairs,1603.45,185.26,0.05
ORD-20250300,2025-04-01,CUST-215,West,Technology,Accessories,1700.19,340.82,0.1
ORD-20250301,2025-04-02,CUST-174,Central,Office Supplies,Paper,1383.18,427.08,0.05
ORD-20250302,2025-04-02,CUST-212,Central,Technology,Accessories,29.62,-0.46,0.1
ORD-20250303,2025-04-02,CUST-299,South,Technology,Phones,22.4,-2.15,0.1
ORD-20250304,2025-04-02,CUST-263,West,Furniture,Chairs,693.02,-47.38,0.1
ORD-20250305,2025-04-03,CUST-265,East,Technology,Laptops,275.24,15.92,0.05
ORD-20250306,2025-04-03,CUST-203,East,Office Supplies,Paper,52.73,12.9,0.1
ORD-20250307,2025-04-03,CUST-183,East,Office Supplies,Binders,846.04,-82.07,0.1
ORD-20250308,2025-04-04,CUST-211,West,Technology,Printers,1698.65,155.98,0.1
ORD-20250309,2025-04-04,CUST-198,East,Furniture,Furnishings,596.4,22.83,0.0
ORD-20250310,2025-04-04,CUST-252,Central,Office Supplies,Binders,1196.83,-93.3,0.05
ORD-20250311,2025-04-05,CUST-192,West,Office Supplies,Binders,1180.98,105.22,0.2
ORD-20250312,2025-04-05,CUST-245,East,Furniture,Bookcases,466.92,3.27,0.0
ORD-20250313,2025-04-05,CUST-227,South,Office Supplies,Storage,1177.76,56.29,0.0
ORD-20250314,2025-04-06,CUST-209,West,Office Supplies,Storage,397.95,78.14,0.05
ORD-20250315,2025-04-06,CUST-181,East,Office Supplies,Appliances,237.17,28.24,0.15
ORD-20250316,2025-04-06,CUST-293,Central,Technology,Accessories,1268.46,-60.44,0.0
ORD-20250317,2025-04-06,CUST-153,East,Furniture,Chairs,221.92,67.42,0.0
ORD-20250318,2025-04-07,CUST-262,Central,Office Supplies,Paper,1794.5,299.83,0.0
ORD-20250319,2025-04-07,CUST-288,Central,Technology,Accessories,346.55,76.82,0.1
ORD-20250320,2025-04-07,CUST-268,West,Office Supplies,Paper,1077.57,-71.91,0.0
ORD-20250321,2025-04-08,CUST-260,Central,Technology,Printers,752.25,-60.36,0.0
ORD-20250322,2025-04-08,CUST-167,West,Technology,Phones,244.97,-22.5,0.05
ORD-20250323,2025-04-08,CUST-132,West,Furniture,Furnishings,69.56,-1.44,0.15
ORD-20250324,2025-04-09,CUST-241,East,Technology,Laptops,1128.46,83.56,0.05
ORD-20250325,2025-04-09,CUST-120,East,Office Supplies,Binders,1456.03,426.69,0.0
ORD-20250326,2025-04-09,CUST-147,South,Office Supplies,Binders,1518.79,139.68,0.05
ORD-20250327,2025-04-09,CUST-247,West,Office Supplies,Binders,879.23,19.26,0.2
ORD-20250328,2025-04-10,CUST-227,West,Furniture,Chairs,1403.87,190.94,0.1
ORD-20250329,2025-04-10,CUST-235,West,Technology,Accessories,1217.67,-64.52,0.2
ORD-20250330,2025-04-10,CUST-234,West,Furniture,Chairs,1309.17,204.22,0.15
ORD-20250331,2025-04-11,CUST-294,East,Furniture,Furnishings,896.83,124.43,0.0
ORD-20250332,2025-04-11,CUST-244,West,Furniture,Chairs,1147.47,266.94,0.1
ORD-20250333,2025-04-11,CUST-227,Central,Technology,Phones,1453.84,457.1,0.0
ORD-20250334,2025-04-12,CUST-132,East,Furniture,Furnishings,728.23,3.91,0.05
ORD-20250335,2025-04-12,CUST-275,East,Furniture,Tables,1454.64,165.91,0.0
ORD-20250336,2025-04-12,CUST-286,East,Office Supplies,Binders,1073.79,302.51,0.0
ORD-20250337,2025-04-13,CUST-214,West,Office Supplies,Binders,315.3,72.45,0.2
ORD-20250338,2025-04-13,CUST-218,South,Furniture,Bookcases,63.94,6.7,0.0
ORD-20250339,2025-04-13,CUST-121,East,Furniture,Furnishings,665.7,197.75,0.15
ORD-20250340,2025-04-13,CUST-257,East,Office Supplies,Appliances,993.12,-75.44,0.0
ORD-20250341,2025-04-14,CUST-137,West,Technology,Phones,1514.88,440.86,0.0
ORD-20250342,2025-04-14,CUST-208,Central,Office Supplies,Storage,246.92,-19.45,0.15
ORD-20250343,2025-04-14,CUST-150,Central,Office Supplies,Binders,1444.37,187.58,0.1
ORD-20250344,2025-04-15,CUST-281,West,Furniture,Bookcases,1556.16,426.36,0.1
ORD-20250345,2025-04-15,CUST-107,Central,Furniture,Furnishings,288.22,2.98,0.0
ORD-20250346,2025-04-15,CUST-126,Central,Technology,Printers,1535.84,151.04,0.05
ORD-20250347,2025-04-16,CUST-126,South,Furniture,Chairs,1784.79,64.64,0.1
ORD-20250348,2025-04-16,CUST-120,Central,Technology,Phones,1313.77,394.0,0.1
ORD-20250349,2025-04-16,CUST-129,East,Office Supplies,Appliances,1416.89,348.46,0.05
ORD-20250350,2025-04-16,CUST-196,East,Technology,Laptops,1790.06,354.04,0.2
ORD-20250351,2025-04-17,CUST-127,East,Technology,Laptops,1097.76,161.15,0.1
ORD-20250352,2025-04-17,CUST-210,West,Office Supplies,Storage,568.04,138.97,0.2
ORD-20250353,2025-04-17,CUST-291,South,Office Supplies,Appliances,1510.8,97.83,0.1
ORD-20250354,2025-04-18,CUST-296,West,Technology,Printers,1113.78,97.98,0.1
ORD-20250355,2025-04-18,CUST-160,East,Technology,Laptops,1054.53,217.87,0.0
ORD-20250356,2025-04-18,CUST-147,Central,Technology,Laptops,471.47,23.69,0.0
ORD-20250357,2025-04-19,CUST-246,West,Office Supplies,Appliances,1366.27,-99.96,0.15
ORD-20250358,2025-04-19,CUST-103,East,Technology,Phones,165.37,-11.37,0.0
ORD-20250359,2025-04-19,CUST-134,West,Furniture,Furnishings,1665.23,-85.84,0.0
ORD-20250360,2025-04-19,CUST-291,West,Office Supplies,Appliances,599.97,159.15,0.0
ORD-20250361,2025-04-20,CUST-148,Central,Technology,Laptops,247.44,24.33,0.0
ORD-20250362,2025-04-20,CUST-116,East,Office Supplies,Binders,807.41,161.01,0.2
ORD-20250363,2025-04-20,CUST-271,East,Office Supplies,Paper,95.6,6.22,0.15
ORD-20250364,2025-04-21,CUST-257,West,Technology,Phones,1238.63,10.72,0.05
ORD-20250365,2025-04-21,CUST-145,East,Office Supplies,Storage,1626.82,74.54,0.0
ORD-20250366,2025-04-21,CUST-216,Central,Furniture,Furnishings,1510.33,352.75,0.1
ORD-20250367,2025-04-22,CUST-105,West,Office Supplies,Binders,246.72,40.11,0.1
ORD-20250368,2025-04-22,CUST-198,West,Furniture,Chairs,244.76,71.91,0.2
ORD-20250369,2025-04-22,CUST-223,South,Office Supplies,Storage,1467.91,272.26,0.05
ORD-20250370,2025-04-23,CUST-136,Central,Furniture,Bookcases,1665.17,232.25,0.0
ORD-20250371,2025-04-23,CUST-123,East,Office Supplies,Binders,839.99,131.28,0.05
ORD-20250372,2025-04-23,CUST-192,West,Office Supplies,Binders,908.17,268.63,0.2
ORD-20250373,2025-04-23,CUST-145,Central,Furniture,Bookcases,586.51,135.51,0.1
ORD-20250374,2025-04-24,CUST-280,Central,Office Supplies,Paper,1611.79,-144.9,0.1
ORD-20250375,2025-04-24,CUST-194,East,Technology,Accessories,1167.93,145.22,0.0
ORD-20250376,2025-04-24,CUST-198,South,Technology,Printers,533.09,100.81,0.1
ORD-20250377,2025-04-25,CUST-287,West,Technology,Printers,551.83,118.34,0.1
ORD-20250378,2025-04-25,CUST-215,East,Technology,Laptops,1606.34,-16.83,0.0
ORD-20250379,2025-04-25,CUST-290,East,Technology,Phones,44.27,11.7,0.05
ORD-20250380,2025-04-26,CUST-259,East,Office Supplies,Paper,594.45,179.2,0.0
ORD-20250381,2025-04-26,CUST-260,Central,Technology,Printers,1006.75,-0.58,0.0
ORD-20250382,2025-04-26,CUST-166,East,Office Supplies,Storage,283.83,76.83,0.0
ORD-20250383,2025-04-26,CUST-227,East,Technology,Laptops,183.94,-10.9,0.0
ORD-20250384,2025-04-27,CUST-117,South,Office Supplies,Storage,1471.19,-112.7,0.05
ORD-20250385,2025-04-27,CUST-124,West,Office Supplies,Storage,1612.04,-73.71,0.0
ORD-20250386,2025-04-27,CUST-153,East,Furniture,Bookcases,1486.02,-112.56,0.0
ORD-20250387,2025-04-28,CUST-157,East,Office Supplies,Paper,1619.84,412.91,0.15
ORD-20250388,2025-04-28,CUST-166,East,Technology,Printers,1004.54,-75.54,0.05
ORD-20250389,2025-04-28,CUST-203,East,Office Supplies,Paper,1465.82,20.67,0.1
ORD-20250390,2025-04-29,CUST-273,Central,Technology,Printers,703.6,-39.7,0.05
ORD-20250391,2025-04-29,CUST-123,East,Office Supplies,Binders,1205.96,29.04,0.1
ORD-20250392,2025-04-29,CUST-213,East,Technology,Laptops,1780.13,-110.31,0.0
ORD-20250393,2025-04-30,CUST-131,Central,Furniture,Bookcases,421.8,76.16,0.15
ORD-20250394,2025-04-30,CUST-274,Central,Office Supplies,Appliances,714.02,-31.42,0.0
ORD-20250395,2025-04-30,CUST-185,West,Technology,Printers,874.48,225.42,0.1
ORD-20250396,2025-04-30,CUST-250,West,Technology,Printers,265.67,64.62,0.0
ORD-20250397,2025-05-01,CUST-293,West,Technology,Accessories,164.25,-15.48,0.1
ORD-20250398,2025-05-01,CUST-226,West,Technology,Accessories,1496.91,413.45,0.05
ORD-20250399,2025-05-01,CUST-254,West,Furniture,Tables,1758.69,-154.49,0.05
ORD-20250400,2025-05-02,CUST-229,West,Technology,Phones,740.41,0.48,0.0
ORD-20250401,2025-05-02,CUST-116,South,Furniture,Furnishings,176.02,-15.21,0.1
ORD-20250402,2025-05-02,CUST-203,East,Technology,Printers,137.14,5.63,0.2
ORD-20250403,2025-05-03,CUST-260,Central,Office Supplies,Paper,1606.55,186.08,0.15
ORD-20250404,2025-05-03,CUST-236,East,Technology,Printers,845.59,198.37,0.0
ORD-20250405,2025-05-03,CUST-142,Central,Technology,Accessories,589.65,24.74,0.0
ORD-20250406,2025-05-03,CUST-275,Central,Technology,Accessories,868.1,170.41,0.2
ORD-20250407,2025-05-04,CUST-138,Central,Furniture,Furnishings,586.58,-12.46,0.05
ORD-20250408,2025-05-04,CUST-269,East,Office Supplies,Storage,890.48,191.68,0.1
ORD-20250409,2025-05-04,CUST-125,West,Furniture,Bookcases,1550.01,-1.37,0.2
ORD-20250410,2025-05-05,CUST-198,West,Technology,Printers,1074.3,-42.66,0.15
ORD-20250411,2025-05-05,CUST-149,Central,Office Supplies,Binders,1256.48,-27.8,0.05
ORD-20250412,2025-05-05,CUST-252,West,Office Supplies,Paper,669.11,-15.75,0.05
ORD-20250413,2025-05-06,CUST-251,West,Technology,Accessories,1334.54,154.01,0.0
ORD-20250414,2025-05-06,CUST-112,West,Office Supplies,Binders,1206.58,307.45,0.1
ORD-20250415,2025-05-06,CUST-159,West,Office Supplies,Storage,232.82,-15.5,0.0
ORD-20250416,2025-05-06,CUST-234,West,Technology,Accessories,1039.3,204.66,0.0
ORD-20250417,2025-05-07,CUST-156,East,Office Supplies,Paper,477.0,83.39,0.0
ORD-20250418,2025-05-07,CUST-135,South,Office Supplies,Storage,1451.29,386.71,0.0
ORD-20250419,2025-05-07,CUST-272,Central,Furniture,Chairs,778.17,1.98,0.1
ORD-20250420,2025-05-08,CUST-119,South,Technology,Phones,1790.54,159.44,0.1
ORD-20250421,2025-05-08,CUST-164,East,Technology,Phones,184.65,53.34,0.05
ORD-20250422,2025-05-08,CUST-107,South,Office Supplies,Binders,1409.02,249.67,0.0
ORD-20250423,2025-05-09,CUST-243,Central,Office Supplies,Appliances,1219.19,77.15,0.2
ORD-20250424,2025-05-09,CUST-241,Central,Office Supplies,Binders,1386.15,-62.11,0.0
ORD-20250425,2025-05-09,CUST-214,Central,Furniture,Furnishings,567.4,5.81,0.1
ORD-20250426,2025-05-10,CUST-242,West,Furniture,Furnishings,895.86,129.1,0.2
ORD-20250427,2025-05-10,CUST-191,Central,Furniture,Chairs,1437.79,289.9,0.05
ORD-20250428,2025-05-10,CUST-197,West,Furniture,Bookcases,433.92,-20.72,0.05
ORD-20250429,2025-05-10,CUST-165,East,Technology,Phones,422.34,64.12,0.2
ORD-20250430,2025-05-11,CUST-131,West,Office Supplies,Storage,1000.87,131.26,0.0
ORD-20250431,2025-05-11,CUST-290,South,Furniture,Furnishings,951.94,110.29,0.05
ORD-20250432,2025-05-11,CUST-185,South,Office Supplies,Paper,522.43,99.18,0.05
ORD-20250433,2025-05-12,CUST-150,South,Technology,Accessories,550.57,138.59,0.0
ORD-20250434,2025-05-12,CUST-252,Central,Technology,Laptops,514.56,18.35,0.15
ORD-20250435,2025-05-12,CUST-285,East,Technology,Accessories,1393.29,380.9,0.15
ORD-20250436,2025-05-13,CUST-162,East,Furniture,Chairs,1180.38,-38.4,0.1
ORD-20250437,2025-05-13,CUST-289,East,Office Supplies,Binders,1501.7,-41.04,0.0
ORD-20250438,2025-05-13,CUST-224,East,Technology,Accessories,1756.34,21.15,0.0
ORD-20250439,2025-05-13,CUST-249,West,Office Supplies,Storage,864.01,-43.03,0.1
ORD-20250440,2025-05-14,CUST-157,East,Furniture,Bookcases,138.72,-0.45,0.0
ORD-20250441,2025-05-14,CUST-157,West,Office Supplies,Storage,105.6,-5.84,0.1
ORD-20250442,2025-05-14,CUST-185,South,Technology,Accessories,546.28,133.91,0.05
ORD-20250443,2025-05-15,CUST-148,West,Office Supplies,Binders,1679.93,-69.94,0.1
ORD-20250444,2025-05-15,CUST-279,South,Office Supplies,Appliances,951.32,203.45,0.05
ORD-20250445,2025-05-15,CUST-269,Central,Technology,Laptops,503.78,-40.24,0.05
ORD-20250446,2025-05-16,CUST-169,East,Technology,Laptops,730.52,217.97,0.0
ORD-20250447,2025-05-16,CUST-114,West,Office Supplies,Binders,1085.5,215.67,0.0
ORD-20250448,2025-05-16,CUST-153,East,Office Supplies,Appliances,1182.25,-114.85,0.05
ORD-20250449,2025-05-17,CUST-287,West,Technology,Phones,293.98,64.92,0.1
ORD-20250450,2025-05-17,CUST-200,Central,Office Supplies,Appliances,1759.12,203.91,0.1
ORD-20250451,2025-05-17,CUST-107,East,Office Supplies,Binders,989.69,224.99,0.1
ORD-20250452,2025-05-17,CUST-152,East,Office Supplies,Storage,261.53,31.24,0.2
ORD-20250453,2025-05-18,CUST-159,West,Office Supplies,Storage,1610.67,272.57,0.0
ORD-20250454,2025-05-18,CUST-207,South,Office Supplies,Binders,152.86,35.2,0.0
ORD-20250455,2025-05-18,CUST-104,Central,Furniture,Bookcases,1635.77,114.74,0.0
ORD-20250456,2025-05-19,CUST-202,Central,Technology,Laptops,1793.89,-177.35,0.1
ORD-20250457,2025-05-19,CUST-295,East,Technology,Accessories,1266.77,325.53,0.05
ORD-20250458,2025-05-19,CUST-105,Central,Office Supplies,Appliances,1391.4,83.45,0.15
ORD-20250459,2025-05-20,CUST-208,Central,Office Supplies,Paper,620.4,67.21,0.05
ORD-20250460,2025-05-20,CUST-215,Central,Technology,Phones,1696.01,-164.07,0.2
ORD-20250461,2025-05-20,CUST-193,South,Office Supplies,Appliances,962.89,102.72,0.2
ORD-20250462,2025-05-20,CUST-146,West,Office Supplies,Appliances,1323.65,416.06,0.0
ORD-20250463,2025-05-21,CUST-198,South,Furniture,Tables,1664.91,28.09,0.05
ORD-20250464,2025-05-21,CUST-154,South,Furniture,Tables,1755.82,116.02,0.1
ORD-20250465,2025-05-21,CUST-267,East,Furniture,Tables,1503.1,283.51,0.0
ORD-20250466,2025-05-22,CUST-151,West,Technology,Accessories,559.37,135.49,0.05
ORD-20250467,2025-05-22,CUST-243,South,Technology,Laptops,1740.45,131.06,0.1
ORD-20250468,2025-05-22,CUST-112,East,Technology,Printers,1138.05,34.21,0.0
ORD-20250469,2025-05-23,CUST-213,West,Technology,Phones,1676.54,492.71,0.1
ORD-20250470,2025-05-23,CUST-223,South,Furniture,Bookcases,1223.47,225.61,0.1
ORD-20250471,2025-05-23,CUST-205,West,Furniture,Tables,566.89,-28.35,0.0
ORD-20250472,2025-05-23,CUST-257,East,Technology,Accessories,678.64,-48.22,0.05
ORD-20250473,2025-05-24,CUST-246,West,Office Supplies,Storage,999.84,103.07,0.0
ORD-20250474,2025-05-24,CUST-244,East,Technology,Laptops,1426.23,-10.79,0.1
ORD-20250475,2025-05-24,CUST-219,West,Office Supplies,Storage,586.01,3.91,0.0
ORD-20250476,2025-05-25,CUST-162,East,Office Supplies,Paper,1051.92,282.58,0.15
ORD-20250477,2025-05-25,CUST-118,Central,Technology,Printers,635.21,-39.63,0.05
ORD-20250478,2025-05-25,CUST-191,West,Furniture,Furnishings,1472.07,295.08,0.0
ORD-20250479,2025-05-26,CUST-157,Central,Technology,Phones,850.78,11.81,0.05
ORD-20250480,2025-05-26,CUST-282,Central,Furniture,Bookcases,156.57,34.34,0.05
ORD-20250481,2025-05-26,CUST-189,West,Furniture,Tables,315.57,64.19,0.05
ORD-20250482,2025-05-27,CUST-216,Central,Technology,Accessories,128.77,-12.48,0.05
ORD-20250483,2025-05-27,CUST-161,East,Furniture,Chairs,908.76,103.45,0.05
ORD-20250484,2025-05-27,CUST-122,West,Technology,Accessories,209.28,-8.68,0.0
ORD-20250485,2025-05-27,CUST-226,East,Technology,Printers,223.17,58.88,0.0
ORD-20250486,2025-05-28,CUST-236,South,Office Supplies,Storage,1695.07,451.0,0.1
ORD-20250487,2025-05-28,CUST-239,East,Technology,Phones,1573.33,119.11,0.05
ORD-20250488,2025-05-28,CUST-228,West,Furniture,Furnishings,824.71,71.46,0.0
ORD-20250489,2025-05-29,CUST-157,Central,Furniture,Bookcases,1774.73,48.59,0.15
ORD-20250490,2025-05-29,CUST-221,West,Office Supplies,Storage,20.33,4.09,0.0
ORD-20250491,2025-05-29,CUST-100,East,Technology,Printers,1112.88,56.35,0.1
ORD-20250492,2025-05-30,CUST-133,West,Furniture,Tables,1117.24,13.94,0.0
ORD-20250493,2025-05-30,CUST-195,Central,Office Supplies,Appliances,834.25,68.02,0.0
ORD-20250494,2025-05-30,CUST-225,Central,Furniture,Tables,726.57,-44.74,0.2
ORD-20250495,2025-05-30,CUST-217,West,Office Supplies,Paper,830.58,177.39,0.0
ORD-20250496,2025-05-31,CUST-147,West,Office Supplies,Paper,758.63,-71.85,0.1
ORD-20250497,2025-05-31,CUST-188,West,Office Supplies,Appliances,1320.28,225.35,0.0
ORD-20250498,2025-05-31,CUST-216,Central,Office Supplies,Appliances,260.93,-6.05,0.1
ORD-20250499,2025-06-01,CUST-228,West,Office Supplies,Paper,371.8,-0.89,0.15
ORD-20250500,2025-06-01,CUST-115,West,Office Supplies,Binders,341.32,56.99,0.0
ORD-20250501,2025-06-01,CUST-288,East,Office Supplies,Paper,487.2,154.46,0.15
ORD-20250502,2025-06-02,CUST-291,East,Office Supplies,Appliances,954.96,216.43,0.05
ORD-20250503,2025-06-02,CUST-290,East,Technology,Phones,217.95,-1.12,0.1
ORD-20250504,2025-06-02,CUST-168,East,Technology,Printers,1565.34,-40.81,0.05
ORD-20250505,2025-06-03,CUST-121,West,Furniture,Furnishings,549.3,144.92,0.15
ORD-20250506,2025-06-03,CUST-192,Central,Technology,Phones,309.32,26.77,0.0
ORD-20250507,2025-06-03,CUST-294,East,Furniture,Tables,1222.61,-51.88,0.0
ORD-20250508,2025-06-03,CUST-175,South,Technology,Accessories,87.79,23.01,0.15
ORD-20250509,2025-06-04,CUST-253,East,Technology,Phones,1123.54,272.75,0.1
ORD-20250510,2025-06-04,CUST-243,Central,Office Supplies,Storage,1262.79,395.56,0.0
ORD-20250511,2025-06-04,CUST-278,Central,Office Supplies,Paper,402.55,113.56,0.05
ORD-20250512,2025-06-05,CUST-185,West,Technology,Accessories,94.7,24.41,0.05
ORD-20250513,2025-06-05,CUST-284,East,Furniture,Tables,667.29,-51.99,0.05
ORD-20250514,2025-06-05,CUST-128,Central,Office Supplies,Binders,195.5,-10.98,0.0
ORD-20250515,2025-06-06,CUST-168,West,Technology,Phones,227.33,31.59,0.1
ORD-20250516,2025-06-06,CUST-146,South,Office Supplies,Appliances,472.58,58.23,0.0
ORD-20250517,2025-06-06,CUST-193,West,Furniture,Bookcases,545.93,50.41,0.1
ORD-20250518,2025-06-06,CUST-289,South,Technology,Printers,963.35,64.21,0.15
ORD-20250519,2025-06-07,CUST-296,East,Office Supplies,Appliances,1227.54,99.56,0.05
ORD-20250520,2025-06-07,CUST-243,Central,Technology,Printers,1075.13,149.56,0.0
ORD-20250521,2025-06-07,CUST-275,Central,Office Supplies,Binders,284.08,-28.16,0.0
ORD-20250522,2025-06-08,CUST-184,Central,Office Supplies,Paper,326.31,3.1,0.05
ORD-20250523,2025-06-08,CUST-138,East,Technology,Phones,1584.21,186.43,0.1
ORD-20250524,2025-06-08,CUST-199,Central,Office Supplies,Binders,1013.87,206.15,0.0
ORD-20250525,2025-06-09,CUST-132,West,Office Supplies,Binders,1568.49,-42.12,0.1
ORD-20250526,2025-06-09,CUST-200,Central,Technology,Phones,681.35,88.36,0.0
ORD-20250527,2025-06-09,CUST-122,West,Office Supplies,Appliances,1113.63,222.81,0.0
ORD-20250528,2025-06-09,CUST-109,South,Furniture,Bookcases,952.12,82.59,0.0
ORD-20250529,2025-06-10,CUST-168,East,Furniture,Bookcases,588.04,-52.12,0.0
ORD-20250530,2025-06-10,CUST-199,Central,Furniture,Bookcases,856.45,75.96,0.0
ORD-20250531,2025-06-10,CUST-133,South,Technology,Printers,914.43,22.41,0.05
ORD-20250532,2025-06-11,CUST-279,Central,Office Supplies,Paper,377.37,109.61,0.15
ORD-20250533,2025-06-11,CUST-237,West,Office Supplies,Binders,580.72,-27.68,0.1
ORD-20250534,2025-06-11,CUST-246,West,Furniture,Chairs,1428.71,248.65,0.0
ORD-20250535,2025-06-12,CUST-285,South,Office Supplies,Appliances,1650.1,-128.47,0.0
ORD-20250536,2025-06-12,CUST-195,East,Furniture,Tables,660.43,57.72,0.0
ORD-20250537,2025-06-12,CUST-100,West,Furniture,Furnishings,566.41,75.15,0.0
ORD-20250538,2025-06-13,CUST-168,Central,Office Supplies,Storage,367.45,9.24,0.05
ORD-20250539,2025-06-13,CUST-103,Central,Furniture,Bookcases,1227.71,111.88,0.05
ORD-20250540,2025-06-13,CUST-115,East,Furniture,Furnishings,595.12,-18.63,0.0
ORD-20250541,2025-06-13,CUST-123,Central,Office Supplies,Binders,1778.19,49.31,0.0
ORD-20250542,2025-06-14,CUST-179,Central,Furniture,Tables,599.72,96.47,0.0
ORD-20250543,2025-06-14,CUST-101,East,Technology,Phones,721.56,19.31,0.0
ORD-20250544,2025-06-14,CUST-227,South,Technology,Accessories,1093.93,303.99,0.1
ORD-20250545,2025-06-15,CUST-259,East,Furniture,Chairs,1447.0,237.21,0.0
ORD-20250546,2025-06-15,CUST-183,West,Office Supplies,Paper,855.74,72.08,0.05
ORD-20250547,2025-06-15,CUST-251,East,Furniture,Furnishings,772.33,-64.66,0.05
ORD-20250548,2025-06-16,CUST-239,East,Office Supplies,Appliances,1792.24,196.81,0.15
ORD-20250549,2025-06-16,CUST-277,South,Furniture,Chairs,38.68,8.56,0.15
ORD-20250550,2025-06-16,CUST-262,West,Furniture,Bookcases,1613.22,18.61,0.1
ORD-20250551,2025-06-16,CUST-223,West,Technology,Printers,285.47,68.18,0.0
ORD-20250552,2025-06-17,CUST-132,East,Furniture,Chairs,1418.95,8.17,0.05
ORD-20250553,2025-06-17,CUST-260,West,Office Supplies,Paper,1119.92,275.47,0.1
ORD-20250554,2025-06-17,CUST-288,West,Office Supplies,Paper,628.49,-40.34,0.0
ORD-20250555,2025-06-18,CUST-278,West,Furniture,Chairs,1575.5,415.61,0.05
ORD-20250556,2025-06-18,CUST-270,West,Technology,Phones,42.97,4.71,0.15
ORD-20250557,2025-06-18,CUST-200,South,Technology,Phones,423.51,10.4,0.05
ORD-20250558,2025-06-19,CUST-111,West,Technology,Printers,1029.07,11.68,0.0
ORD-20250559,2025-06-19,CUST-166,West,Office Supplies,Storage,645.75,52.59,0.0
ORD-20250560,2025-06-19,CUST-164,East,Technology,Phones,1106.47,353.63,0.05
ORD-20250561,2025-06-20,CUST-260,Central,Furniture,Tables,62.92,-0.47,0.0
ORD-20250562,2025-06-20,CUST-267,West,Furniture,Furnishings,227.3,-12.88,0.1
ORD-20250563,2025-06-20,CUST-173,West,Technology,Printers,246.23,35.88,0.1
ORD-20250564,2025-06-20,CUST-142,East,Furniture,Chairs,356.92,37.54,0.0
ORD-20250565,2025-06-21,CUST-143,South,Technology,Printers,837.61,100.65,0.15
ORD-20250566,2025-06-21,CUST-128,East,Furniture,Chairs,1358.79,244.74,0.05
ORD-20250567,2025-06-21,CUST-240,Central,Technology,Accessories,1631.86,19.91,0.0
ORD-20250568,2025-06-22,CUST-111,West,Office Supplies,Storage,1506.96,425.69,0.1
ORD-20250569,2025-06-22,CUST-194,East,Technology,Printers,370.46,30.74,0.1
ORD-20250570,2025-06-22,CUST-145,Central,Office Supplies,Appliances,805.25,-36.87,0.1
ORD-20250571,2025-06-23,CUST-229,West,Furniture,Tables,374.95,79.4,0.15
ORD-20250572,2025-06-23,CUST-134,South,Office Supplies,Appliances,490.76,83.48,0.1
ORD-20250573,2025-06-23,CUST-180,South,Furniture,Tables,916.31,29.88,0.15
ORD-20250574,2025-06-23,CUST-189,South,Office Supplies,Storage,141.23,22.74,0.05
ORD-20250575,2025-06-24,CUST-107,East,Office Supplies,Storage,408.35,-3.13,0.1
ORD-20250576,2025-06-24,CUST-192,Central,Furniture,Chairs,1684.97,146.31,0.2
ORD-20250577,2025-06-24,CUST-253,West,Furniture,Bookcases,849.69,236.0,0.1
ORD-20250578,2025-06-25,CUST-189,South,Furniture,Tables,812.79,-35.69,0.0
ORD-20250579,2025-06-25,CUST-261,Central,Furniture,Furnishings,45.93,2.87,0.05
ORD-20250580,2025-06-25,CUST-214,Central,Technology,Phones,460.37,112.74,0.05
ORD-20250581,2025-06-26,CUST-204,West,Furniture,Tables,1562.0,479.82,0.0
ORD-20250582,2025-06-26,CUST-234,West,Furniture,Furnishings,313.04,28.38,0.2
ORD-20250583,2025-06-26,CUST-295,East,Furniture,Chairs,758.92,85.71,0.0
ORD-20250584,2025-06-26,CUST-157,Central,Office Supplies,Storage,45.51,6.39,0.0
ORD-20250585,2025-06-27,CUST-213,West,Office Supplies,Binders,871.44,254.1,0.2
ORD-20250586,2025-06-27,CUST-174,West,Office Supplies,Appliances,57.42,14.95,0.05
ORD-20250587,2025-06-27,CUST-256,Central,Technology,Phones,1478.91,-41.92,0.0
ORD-20250588,2025-06-28,CUST-219,West,Furniture,Chairs,1488.24,124.18,0.05
ORD-20250589,2025-06-28,CUST-263,East,Furniture,Bookcases,1422.18,134.94,0.1
ORD-20250590,2025-06-28,CUST-120,West,Furniture,Furnishings,524.39,121.35,0.0
ORD-20250591,2025-06-29,CUST-263,West,Office Supplies,Storage,1510.28,231.4,0.2
ORD-20250592,2025-06-29,CUST-237,West,Technology,Accessories,986.54,172.42,0.05
ORD-20250593,2025-06-29,CUST-200,East,Office Supplies,Appliances,685.38,218.8,0.05
ORD-20250594,2025-06-30,CUST-251,East,Furniture,Furnishings,1133.09,-77.64,0.05
ORD-20250595,2025-06-30,CUST-291,East,Furniture,Furnishings,41.97,-0.27,0.1
ORD-20250596,2025-06-30,CUST-276,Central,Furniture,Tables,274.47,19.57,0.0
ORD-20250597,2025-06-30,CUST-198,East,Furniture,Furnishings,1341.28,61.79,0.0
ORD-20250598,2025-07-01,CUST-135,West,Furniture,Chairs,454.61,-41.33,0.05
ORD-20250599,2025-07-01,CUST-195,South,Furniture,Bookcases,1084.46,-66.64,0.15
ORD-20250600,2025-07-01,CUST-251,East,Technology,Laptops,705.48,131.22,0.0
ORD-20250601,2025-07-02,CUST-250,West,Furniture,Furnishings,1541.55,415.16,0.1
ORD-20250602,2025-07-02,CUST-289,Central,Technology,Laptops,1715.3,198.93,0.15
ORD-20250603,2025-07-02,CUST-136,South,Furniture,Furnishings,1592.75,201.42,0.0
ORD-20250604,2025-07-03,CUST-111,Central,Furniture,Tables,501.7,3.58,0.0
ORD-20250605,2025-07-03,CUST-212,Central,Furniture,Bookcases,365.61,81.35,0.0
ORD-20250606,2025-07-03,CUST-282,Central,Office Supplies,Storage,864.49,186.52,0.05
ORD-20250607,2025-07-03,CUST-112,West,Technology,Phones,33.05,4.86,0.0
ORD-20250608,2025-07-04,CUST-122,Central,Office Supplies,Paper,65.94,-0.7,0.05
ORD-20250609,2025-07-04,CUST-198,East,Technology,Printers,1004.86,-59.54,0.05
ORD-20250610,2025-07-04,CUST-204,South,Furniture,Bookcases,946.4,-69.11,0.05
ORD-20250611,2025-07-05,CUST-129,West,Office Supplies,Binders,1790.36,266.64,0.0
ORD-20250612,2025-07-05,CUST-116,West,Technology,Laptops,379.28,93.5,0.05
ORD-20250613,2025-07-05,CUST-212,East,Furniture,Tables,479.42,124.89,0.1
ORD-20250614,2025-07-06,CUST-161,Central,Furniture,Chairs,222.1,21.04,0.2
ORD-20250615,2025-07-06,CUST-183,East,Furniture,Tables,1653.23,379.24,0.15
ORD-20250616,2025-07-06,CUST-211,South,Technology,Phones,1404.5,418.11,0.05
ORD-20250617,2025-07-07,CUST-185,Central,Technology,Phones,1483.76,23.1,0.05
ORD-20250618,2025-07-07,CUST-240,East,Office Supplies,Appliances,1626.92,109.24,0.0
ORD-20250619,2025-07-07,CUST-286,Central,Furniture,Tables,954.32,277.92,0.0
ORD-20250620,2025-07-07,CUST-118,Central,Technology,Laptops,823.12,34.62,0.0
ORD-20250621,2025-07-08,CUST-276,Central,Furniture,Bookcases,608.1,172.6,0.1
ORD-20250622,2025-07-08,CUST-199,West,Office Supplies,Appliances,1068.8,333.51,0.0
ORD-20250623,2025-07-08,CUST-239,East,Technology,Accessories,828.62,147.46,0.0
ORD-20250624,2025-07-09,CUST-288,East,Furniture,Furnishings,823.79,200.26,0.2
ORD-20250625,2025-07-09,CUST-246,West,Furniture,Tables,1687.73,362.54,0.0
ORD-20250626,2025-07-09,CUST-175,South,Office Supplies,Paper,1771.58,343.34,0.0
ORD-20250627,2025-07-10,CUST-108,East,Technology,Phones,1437.74,41.57,0.0
ORD-20250628,2025-07-10,CUST-298,Central,Furniture,Chairs,1367.03,-103.92,0.05
ORD-20250629,2025-07-10,CUST-127,West,Furniture,Chairs,1231.39,54.28,0.1
ORD-20250630,2025-07-10,CUST-227,West,Furniture,Chairs,315.61,56.85,0.0
ORD-20250631,2025-07-11,CUST-151,Central,Furniture,Bookcases,125.21,-7.13,0.05
ORD-20250632,2025-07-11,CUST-182,South,Furniture,Furnishings,1249.49,-118.69,0.1
ORD-20250633,2025-07-11,CUST-210,West,Office Supplies,Binders,1317.24,-54.44,0.15
ORD-20250634,2025-07-12,CUST-243,West,Office Supplies,Storage,103.61,20.79,0.2
ORD-20250635,2025-07-12,CUST-216,West,Furniture,Furnishings,1671.93,515.91,0.15
ORD-20250636,2025-07-12,CUST-168,East,Office Supplies,Paper,182.23,57.02,0.05
ORD-20250637,2025-07-13,CUST-198,East,Furniture,Furnishings,528.9,56.84,0.0
ORD-20250638,2025-07-13,CUST-239,West,Furniture,Furnishings,1216.85,322.62,0.0
ORD-20250639,2025-07-13,CUST-124,West,Technology,Phones,322.37,67.53,0.0
ORD-20250640,2025-07-13,CUST-279,Central,Office Supplies,Paper,118.64,13.1,0.1
ORD-20250641,2025-07-14,CUST-222,West,Technology,Phones,609.44,85.66,0.15
ORD-20250642,2025-07-14,CUST-152,West,Technology,Laptops,1383.43,-58.61,0.05
ORD-20250643,2025-07-14,CUST-250,West,Technology,Phones,756.35,222.23,0.0
ORD-20250644,2025-07-15,CUST-243,Central,Furniture,Tables,1182.29,56.53,0.05
ORD-20250645,2025-07-15,CUST-156,South,Technology,Phones,1051.72,91.9,0.2
ORD-20250646,2025-07-15,CUST-138,West,Technology,Laptops,59.55,10.84,0.05
ORD-20250647,2025-07-16,CUST-208,Central,Technology,Printers,1779.6,71.61,0.15
ORD-20250648,2025-07-16,CUST-280,East,Technology,Accessories,93.74,0.64,0.15
ORD-20250649,2025-07-16,CUST-141,West,Furniture,Furnishings,1742.69,287.61,0.2
ORD-20250650,2025-07-17,CUST-285,West,Office Supplies,Appliances,998.76,-89.4,0.1
ORD-20250651,2025-07-17,CUST-266,West,Furniture,Chairs,1734.42,351.57,0.1
ORD-20250652,2025-07-17,CUST-241,Central,Furniture,Tables,224.26,25.99,0.0
ORD-20250653,2025-07-17,CUST-221,South,Office Supplies,Storage,892.93,137.88,0.0
ORD-20250654,2025-07-18,CUST-232,East,Technology,Phones,321.72,53.21,0.05
ORD-20250655,2025-07-18,CUST-262,Central,Technology,Phones,110.74,13.44,0.0
ORD-20250656,2025-07-18,CUST-174,West,Office Supplies,Paper,1119.2,161.91,0.2
ORD-20250657,2025-07-19,CUST-245,East,Furniture,Furnishings,389.85,72.98,0.0
ORD-20250658,2025-07-19,CUST-175,East,Technology,Laptops,1066.1,230.61,0.15
ORD-20250659,2025-07-19,CUST-108,West,Furniture,Tables,220.01,45.22,0.0
ORD-20250660,2025-07-20,CUST-173,East,Technology,Accessories,610.94,162.05,0.0
ORD-20250661,2025-07-20,CUST-285,East,Furniture,Tables,1411.31,-28.84,0.2
ORD-20250662,2025-07-20,CUST-244,East,Technology,Laptops,797.95,54.65,0.0
ORD-20250663,2025-07-20,CUST-106,West,Technology,Phones,1137.39,339.03,0.0
ORD-20250664,2025-07-21,CUST-273,Central,Technology,Phones,1172.48,78.05,0.0
ORD-20250665,2025-07-21,CUST-240,West,Office Supplies,Appliances,1521.88,-72.37,0.1
ORD-20250666,2025-07-21,CUST-267,South,Office Supplies,Paper,598.36,72.21,0.0
ORD-20250667,2025-07-22,CUST-269,West,Technology,Phones,1243.39,-67.16,0.05
ORD-20250668,2025-07-22,CUST-236,Central,Technology,Phones,1731.68,-25.63,0.05
ORD-20250669,2025-07-22,CUST-277,South,Office Supplies,Paper,1319.83,421.41,0.1
ORD-20250670,2025-07-23,CUST-126,Central,Technology,Printers,891.97,113.61,0.1
ORD-20250671,2025-07-23,CUST-221,West,Technology,Phones,1142.68,22.06,0.05
ORD-20250672,2025-07-23,CUST-293,Central,Office Supplies,Storage,1336.64,424.79,0.0
ORD-20250673,2025-07-24,CUST-104,East,Technology,Accessories,1109.85,339.56,0.15
ORD-20250674,2025-07-24,CUST-128,West,Office Supplies,Storage,49.68,4.23,0.0
ORD-20250675,2025-07-24,CUST-264,West,Office Supplies,Storage,366.7,3.44,0.05
ORD-20250676,2025-07-24,CUST-265,West,Furniture,Chairs,1462.63,368.77,0.05
ORD-20250677,2025-07-25,CUST-182,East,Technology,Accessories,505.32,101.35,0.15
ORD-20250678,2025-07-25,CUST-235,South,Technology,Phones,1322.18,249.25,0.05
ORD-20250679,2025-07-25,CUST-208,Central,Office Supplies,Appliances,682.37,187.73,0.0
ORD-20250680,2025-07-26,CUST-164,West,Office Supplies,Storage,948.95,179.88,0.1
ORD-20250681,2025-07-26,CUST-185,South,Office Supplies,Binders,140.99,2.71,0.1
ORD-20250682,2025-07-26,CUST-244,West,Technology,Accessories,342.58,65.58,0.0
ORD-20250683,2025-07-27,CUST-170,South,Office Supplies,Storage,1723.81,49.03,0.05
ORD-20250684,2025-07-27,CUST-144,West,Office Supplies,Paper,1604.45,351.18,0.1
ORD-20250685,2025-07-27,CUST-231,East,Furniture,Bookcases,1181.05,189.32,0.2
ORD-20250686,2025-07-27,CUST-135,Central,Office Supplies,Binders,838.17,-56.57,0.1
ORD-20250687,2025-07-28,CUST-169,Central,Office Supplies,Paper,1222.86,141.11,0.0
ORD-20250688,2025-07-28,CUST-258,Central,Office Supplies,Paper,1121.13,49.54,0.0
ORD-20250689,2025-07-28,CUST-118,South,Furniture,Furnishings,1032.02,39.22,0.15
ORD-20250690,2025-07-29,CUST-288,Central,Technology,Printers,125.34,19.17,0.15
ORD-20250691,2025-07-29,CUST-207,Central,Technology,Accessories,1146.39,40.56,0.0
ORD-20250692,2025-07-29,CUST-281,South,Furniture,Furnishings,1388.68,314.25,0.0
ORD-20250693,2025-07-30,CUST-266,Central,Technology,Printers,1789.47,-125.74,0.1
ORD-20250694,2025-07-30,CUST-190,West,Office Supplies,Appliances,39.72,7.04,0.0
ORD-20250695,2025-07-30,CUST-189,South,Office Supplies,Paper,1319.71,316.55,0.0
ORD-20250696,2025-07-30,CUST-118,East,Office Supplies,Paper,1037.78,189.49,0.0
ORD-20250697,2025-07-31,CUST-138,Central,Technology,Phones,792.61,86.26,0.0
ORD-20250698,2025-07-31,CUST-225,South,Technology,Printers,247.07,73.91,0.05
ORD-20250699,2025-07-31,CUST-294,Central,Technology,Phones,748.17,19.43,0.1
ORD-20250700,2025-08-01,CUST-272,Central,Office Supplies,Appliances,650.79,-59.84,0.0
ORD-20250701,2025-08-01,CUST-240,Central,Office Supplies,Paper,559.04,45.53,0.0
ORD-20250702,2025-08-01,CUST-225,West,Office Supplies,Paper,1320.97,-113.78,0.0
ORD-20250703,2025-08-02,CUST-157,South,Furniture,Tables,1267.29,381.02,0.05
ORD-20250704,2025-08-02,CUST-247,East,Office Supplies,Storage,1068.46,-12.64,0.0
ORD-20250705,2025-08-02,CUST-299,East,Office Supplies,Appliances,1690.82,391.17,0.05
ORD-20250706,2025-08-03,CUST-160,East,Technology,Laptops,642.74,144.82,0.1
ORD-20250707,2025-08-03,CUST-226,West,Office Supplies,Paper,453.97,-3.88,0.0
ORD-20250708,2025-08-03,CUST-204,West,Furniture,Furnishings,1187.51,191.09,0.0
ORD-20250709,2025-08-03,CUST-266,Central,Technology,Phones,373.89,-29.84,0.0
ORD-20250710,2025-08-04,CUST-100,West,Furniture,Bookcases,580.72,59.87,0.05
ORD-20250711,2025-08-04,CUST-230,West,Technology,Laptops,419.79,-39.4,0.15
ORD-20250712,2025-08-04,CUST-191,East,Furniture,Bookcases,143.09,41.05,0.0
ORD-20250713,2025-08-05,CUST-289,West,Furniture,Tables,1492.95,462.75,0.2
ORD-20250714,2025-08-05,CUST-290,Central,Furniture,Chairs,473.08,-3.14,0.0
ORD-20250715,2025-08-05,CUST-212,East,Furniture,Bookcases,861.99,-10.86,0.15
ORD-20250716,2025-08-06,CUST-252,East,Furniture,Bookcases,97.1,21.03,0.05
ORD-20250717,2025-08-06,CUST-155,East,Furniture,Chairs,1264.82,8.12,0.1
ORD-20250718,2025-08-06,CUST-260,East,Furniture,Bookcases,608.4,167.88,0.05
ORD-20250719,2025-08-06,CUST-265,West,Furniture,Furnishings,1345.63,189.8,0.05
ORD-20250720,2025-08-07,CUST-216,East,Technology,Laptops,754.08,35.69,0.15
ORD-20250721,2025-08-07,CUST-233,Central,Furniture,Tables,368.44,92.01,0.1
ORD-20250722,2025-08-07,CUST-157,Central,Technology,Laptops,933.45,100.09,0.05
ORD-20250723,2025-08-08,CUST-143,West,Furniture,Furnishings,252.3,71.37,0.0
ORD-20250724,2025-08-08,CUST-272,South,Office Supplies,Binders,804.16,233.02,0.0
ORD-20250725,2025-08-08,CUST-259,West,Furniture,Chairs,584.8,-17.85,0.15
ORD-20250726,2025-08-09,CUST-272,West,Furniture,Bookcases,1643.29,-162.73,0.05
ORD-20250727,2025-08-09,CUST-160,South,Office Supplies,Appliances,128.45,40.24,0.05
ORD-20250728,2025-08-09,CUST-146,East,Office Supplies,Binders,1255.35,352.22,0.1
ORD-20250729,2025-08-10,CUST-248,South,Office Supplies,Paper,345.3,-26.49,0.15
ORD-20250730,2025-08-10,CUST-179,East,Office Supplies,Storage,587.9,146.9,0.1
ORD-20250731,2025-08-10,CUST-217,West,Technology,Accessories,759.62,70.1,0.1
ORD-20250732,2025-08-10,CUST-263,East,Technology,Printers,1636.27,14.34,0.1
ORD-20250733,2025-08-11,CUST-246,Central,Furniture,Furnishings,451.79,121.56,0.0
ORD-20250734,2025-08-11,CUST-119,Central,Technology,Printers,182.53,-3.18,0.0
ORD-20250735,2025-08-11,CUST-284,Central,Furniture,Chairs,587.27,174.93,0.15
ORD-20250736,2025-08-12,CUST-245,West,Furniture,Chairs,206.32,-2.81,0.0
ORD-20250737,2025-08-12,CUST-146,West,Furniture,Furnishings,248.9,39.26,0.2
ORD-20250738,2025-08-12,CUST-148,East,Office Supplies,Binders,1041.45,-6.57,0.0
ORD-20250739,2025-08-13,CUST-113,West,Office Supplies,Storage,128.41,16.59,0.0
ORD-20250740,2025-08-13,CUST-242,South,Furniture,Bookcases,75.06,14.06,0.2
ORD-20250741,2025-08-13,CUST-258,West,Office Supplies,Paper,1291.66,-25.97,0.1
ORD-20250742,2025-08-13,CUST-100,Central,Furniture,Bookcases,663.73,78.83,0.0
ORD-20250743,2025-08-14,CUST-216,Central,Office Supplies,Binders,243.17,23.59,0.1
ORD-20250744,2025-08-14,CUST-153,West,Technology,Accessories,471.43,-33.08,0.1
ORD-20250745,2025-08-14,CUST-217,Central,Office Supplies,Paper,1162.91,283.39,0.05
ORD-20250746,2025-08-15,CUST-102,East,Office Supplies,Paper,510.46,20.92,0.0
ORD-20250747,2025-08-15,CUST-243,East,Furniture,Tables,900.25,127.23,0.15
ORD-20250748,2025-08-15,CUST-284,East,Technology,Laptops,236.62,27.5,0.15
ORD-20250749,2025-08-16,CUST-111,West,Furniture,Bookcases,1066.81,123.29,0.0
ORD-20250750,2025-08-16,CUST-173,West,Technology,Accessories,582.62,-32.02,0.15
ORD-20250751,2025-08-16,CUST-115,West,Technology,Phones,1136.0,88.45,0.15
ORD-20250752,2025-08-16,CUST-299,West,Furniture,Tables,1458.94,131.3,0.05
ORD-20250753,2025-08-17,CUST-201,West,Furniture,Tables,1108.73,230.76,0.1
ORD-20250754,2025-08-17,CUST-251,Central,Office Supplies,Binders,546.43,138.14,0.0
ORD-20250755,2025-08-17,CUST-255,Central,Office Supplies,Storage,475.22,61.25,0.0
ORD-20250756,2025-08-18,CUST-216,East,Furniture,Tables,602.81,-38.31,0.1
ORD-20250757,2025-08-18,CUST-107,East,Furniture,Chairs,313.02,-0.16,0.15
ORD-20250758,2025-08-18,CUST-221,Central,Technology,Phones,342.49,-10.52,0.1
ORD-20250759,2025-08-19,CUST-191,West,Office Supplies,Storage,1427.43,-68.03,0.05
ORD-20250760,2025-08-19,CUST-263,Central,Furniture,Furnishings,704.82,37.83,0.0
ORD-20250761,2025-08-19,CUST-189,West,Office Supplies,Storage,796.07,-2.91,0.0
ORD-20250762,2025-08-20,CUST-235,West,Office Supplies,Appliances,1077.41,-8.96,0.05
ORD-20250763,2025-08-20,CUST-285,East,Furniture,Tables,1069.58,-82.39,0.0
ORD-20250764,2025-08-20,CUST-159,East,Technology,Accessories,139.93,-12.95,0.05
ORD-20250765,2025-08-20,CUST-277,Central,Office Supplies,Paper,1500.14,-85.26,0.0
ORD-20250766,2025-08-21,CUST-127,West,Office Supplies,Binders,335.64,-9.29,0.1
ORD-20250767,2025-08-21,CUST-200,Central,Technology,Phones,1307.07,105.89,0.0
ORD-20250768,2025-08-21,CUST-140,South,Technology,Laptops,1395.35,159.65,0.05
ORD-20250769,2025-08-22,CUST-291,West,Office Supplies,Storage,1292.52,-52.93,0.05
ORD-20250770,2025-08-22,CUST-254,Central,Technology,Printers,1050.58,82.37,0.0
ORD-20250771,2025-08-22,CUST-290,West,Office Supplies,Binders,46.0,2.0,0.0
ORD-20250772,2025-08-23,CUST-244,West,Furniture,Furnishings,661.47,-15.19,0.0
ORD-20250773,2025-08-23,CUST-260,Central,Technology,Laptops,1096.61,-106.51,0.15
ORD-20250774,2025-08-23,CUST-256,West,Office Supplies,Paper,709.66,68.23,0.0
ORD-20250775,2025-08-23,CUST-240,West,Furniture,Chairs,1556.99,292.67,0.1
ORD-20250776,2025-08-24,CUST-145,East,Furniture,Tables,569.67,-2.83,0.2
ORD-20250777,2025-08-24,CUST-134,West,Technology,Printers,542.49,-24.22,0.1
ORD-20250778,2025-08-24,CUST-233,South,Technology,Accessories,493.48,134.5,0.0
ORD-20250779,2025-08-25,CUST-181,South,Furniture,Bookcases,612.35,9.5,0.2
ORD-20250780,2025-08-25,CUST-214,Central,Furniture,Chairs,1012.18,-6.16,0.0
ORD-20250781,2025-08-25,CUST-296,Central,Furniture,Bookcases,1278.49,332.38,0.05
ORD-20250782,2025-08-26,CUST-146,West,Office Supplies,Paper,1199.37,291.67,0.15
ORD-20250783,2025-08-26,CUST-252,West,Furniture,Bookcases,1457.74,128.73,0.1
ORD-20250784,2025-08-26,CUST-293,East,Technology,Laptops,1596.93,168.44,0.05
ORD-20250785,2025-08-27,CUST-109,West,Furniture,Chairs,1472.62,-12.58,0.0
ORD-20250786,2025-08-27,CUST-155,West,Office Supplies,Paper,53.72,-3.61,0.0
ORD-20250787,2025-08-27,CUST-129,South,Office Supplies,Binders,1329.93,187.31,0.05
ORD-20250788,2025-08-27,CUST-208,West,Furniture,Chairs,390.95,-22.95,0.0
ORD-20250789,2025-08-28,CUST-104,West,Technology,Accessories,256.61,22.76,0.2
ORD-20250790,2025-08-28,CUST-218,West,Technology,Accessories,1156.51,341.18,0.2
ORD-20250791,2025-08-28,CUST-132,Central,Office Supplies,Paper,589.14,176.85,0.15
ORD-20250792,2025-08-29,CUST-217,Central,Office Supplies,Storage,121.67,0.06,0.05
ORD-20250793,2025-08-29,CUST-164,East,Office Supplies,Appliances,264.98,42.96,0.1
ORD-20250794,2025-08-29,CUST-245,West,Office Supplies,Paper,21.65,2.15,0.2
ORD-20250795,2025-08-30,CUST-276,Central,Office Supplies,Binders,1627.74,435.89,0.15
ORD-20250796,2025-08-30,CUST-110,West,Technology,Printers,63.82,0.89,0.05
ORD-20250797,2025-08-30,CUST-184,East,Furniture,Chairs,392.83,-38.67,0.0
ORD-20250798,2025-08-30,CUST-125,Central,Technology,Laptops,760.95,-24.14,0.0
ORD-20250799,2025-08-31,CUST-162,Central,Technology,Accessories,654.7,30.64,0.05
ORD-20250800,2025-08-31,CUST-185,East,Office Supplies,Binders,1642.87,53.56,0.1
ORD-20250801,2025-08-31,CUST-158,Central,Furniture,Furnishings,91.71,21.31,0.15
ORD-20250802,2025-09-01,CUST-126,Central,Furniture,Bookcases,931.74,173.15,0.0
ORD-20250803,2025-09-01,CUST-276,West,Technology,Phones,1231.25,31.78,0.0
ORD-20250804,2025-09-01,CUST-260,South,Technology,Accessories,1678.42,154.84,0.0
ORD-20250805,2025-09-02,CUST-197,Central,Technology,Phones,1124.26,-67.3,0.0
ORD-20250806,2025-09-02,CUST-204,Central,Technology,Phones,1450.68,402.16,0.0
ORD-20250807,2025-09-02,CUST-198,Central,Furniture,Tables,169.03,49.51,0.1
ORD-20250808,2025-09-02,CUST-228,East,Technology,Laptops,706.97,220.23,0.05
ORD-20250809,2025-09-03,CUST-248,East,Furniture,Tables,685.63,181.55,0.1
ORD-20250810,2025-09-03,CUST-154,West,Technology,Printers,1597.59,-43.03,0.0
ORD-20250811,2025-09-03,CUST-105,East,Technology,Printers,289.44,-23.33,0.0
ORD-20250812,2025-09-04,CUST-296,West,Technology,Laptops,290.36,41.65,0.05
ORD-20250813,2025-09-04,CUST-194,South,Furniture,Furnishings,604.83,171.34,0.15
ORD-20250814,2025-09-04,CUST-232,Central,Office Supplies,Storage,116.95,-2.98,0.0
ORD-20250815,2025-09-05,CUST-201,Central,Furniture,Bookcases,344.78,-33.46,0.15
ORD-20250816,2025-09-05,CUST-102,South,Furniture,Furnishings,1738.07,414.2,0.0
ORD-20250817,2025-09-05,CUST-280,Central,Office Supplies,Appliances,782.17,-52.99,0.15
ORD-20250818,2025-09-06,CUST-122,West,Technology,Accessories,1144.99,84.45,0.15
ORD-20250819,2025-09-06,CUST-152,East,Technology,Phones,1312.48,242.98,0.0
ORD-20250820,2025-09-06,CUST-264,West,Office Supplies,Storage,673.19,-0.37,0.1
ORD-20250821,2025-09-06,CUST-182,Central,Furniture,Bookcases,282.06,-18.26,0.0
ORD-20250822,2025-09-07,CUST-244,West,Technology,Printers,387.71,86.62,0.15
ORD-20250823,2025-09-07,CUST-184,Central,Office Supplies,Storage,577.61,95.12,0.05
ORD-20250824,2025-09-07,CUST-177,East,Office Supplies,Appliances,1152.2,363.13,0.05
ORD-20250825,2025-09-08,CUST-209,Central,Technology,Printers,728.94,32.52,0.1
ORD-20250826,2025-09-08,CUST-100,Central,Furniture,Tables,32.13,-2.38,0.15
ORD-20250827,2025-09-08,CUST-150,Central,Furniture,Bookcases,951.66,198.35,0.0
ORD-20250828,2025-09-09,CUST-272,South,Furniture,Chairs,1660.29,197.79,0.1
ORD-20250829,2025-09-09,CUST-103,Central,Furniture,Tables,1465.5,-15.32,0.0
ORD-20250830,2025-09-09,CUST-289,South,Technology,Printers,1488.88,339.95,0.0
ORD-20250831,2025-09-09,CUST-292,South,Furniture,Furnishings,1435.2,-20.7,0.1
ORD-20250832,2025-09-10,CUST-212,Central,Furniture,Chairs,596.24,5.65,0.0
ORD-20250833,2025-09-10,CUST-131,Central,Office Supplies,Appliances,1382.05,-84.5,0.0
ORD-20250834,2025-09-10,CUST-133,East,Office Supplies,Storage,274.83,18.62,0.15
ORD-20250835,2025-09-11,CUST-191,West,Technology,Laptops,1190.73,90.44,0.0
ORD-20250836,2025-09-11,CUST-194,West,Furniture,Furnishings,1161.99,134.93,0.1
ORD-20250837,2025-09-11,CUST-171,West,Technology,Printers,65.51,12.96,0.0
ORD-20250838,2025-09-12,CUST-138,West,Furniture,Chairs,1422.59,399.13,0.0
ORD-20250839,2025-09-12,CUST-253,South,Office Supplies,Storage,1627.78,-68.61,0.0
ORD-20250840,2025-09-12,CUST-261,South,Technology,Printers,496.0,-38.28,0.1
ORD-20250841,2025-09-13,CUST-281,Central,Furniture,Chairs,1466.06,-135.2,0.1
ORD-20250842,2025-09-13,CUST-217,West,Technology,Printers,166.68,-6.61,0.0
ORD-20250843,2025-09-13,CUST-102,East,Technology,Phones,1087.94,191.85,0.0
ORD-20250844,2025-09-13,CUST-222,East,Furniture,Chairs,884.45,181.79,0.2
ORD-20250845,2025-09-14,CUST-149,West,Furniture,Bookcases,991.74,228.43,0.0
ORD-20250846,2025-09-14,CUST-111,East,Office Supplies,Appliances,1668.65,3.93,0.15
ORD-20250847,2025-09-14,CUST-292,East,Furniture,Bookcases,1570.94,44.73,0.0
ORD-20250848,2025-09-15,CUST-153,South,Technology,Phones,1417.45,145.88,0.1
ORD-20250849,2025-09-15,CUST-232,Central,Furniture,Tables,507.18,-37.26,0.0
ORD-20250850,2025-09-15,CUST-156,West,Technology,Printers,1643.04,257.43,0.15
ORD-20250851,2025-09-16,CUST-244,East,Office Supplies,Binders,193.56,60.62,0.1
ORD-20250852,2025-09-16,CUST-211,West,Furniture,Furnishings,1538.93,79.31,0.05
ORD-20250853,2025-09-16,CUST-146,East,Office Supplies,Storage,604.12,130.61,0.0
ORD-20250854,2025-09-16,CUST-250,South,Technology,Accessories,115.71,12.73,0.1
ORD-20250855,2025-09-17,CUST-184,West,Furniture,Bookcases,1211.46,-56.11,0.1
ORD-20250856,2025-09-17,CUST-241,West,Furniture,Bookcases,431.68,62.39,0.0
ORD-20250857,2025-09-17,CUST-165,West,Office Supplies,Storage,453.56,11.77,0.0
ORD-20250858,2025-09-18,CUST-174,East,Technology,Laptops,564.76,-48.32,0.15
ORD-20250859,2025-09-18,CUST-278,Central,Technology,Accessories,133.36,22.23,0.0
ORD-20250860,2025-09-18,CUST-202,Central,Office Supplies,Paper,335.29,87.43,0.1
ORD-20250861,2025-09-19,CUST-265,Central,Furniture,Chairs,29.15,1.31,0.05
ORD-20250862,2025-09-19,CUST-291,East,Furniture,Tables,812.83,51.96,0.15
ORD-20250863,2025-09-19,CUST-137,West,Technology,Printers,169.97,46.61,0.2
ORD-20250864,2025-09-19,CUST-149,West,Office Supplies,Paper,1235.12,298.55,0.2
ORD-20250865,2025-09-20,CUST-197,South,Technology,Printers,439.41,88.01,0.0
ORD-20250866,2025-09-20,CUST-181,West,Office Supplies,Binders,1699.56,7.64,0.15
ORD-20250867,2025-09-20,CUST-129,West,Office Supplies,Appliances,1570.83,443.43,0.0
ORD-20250868,2025-09-21,CUST-178,Central,Technology,Printers,535.2,-18.81,0.05
ORD-20250869,2025-09-21,CUST-190,Central,Office Supplies,Appliances,1414.12,230.85,0.05
ORD-20250870,2025-09-21,CUST-278,West,Technology,Printers,1449.78,-127.44,0.0
ORD-20250871,2025-09-22,CUST-290,West,Technology,Laptops,1776.08,302.58,0.2
ORD-20250872,2025-09-22,CUST-151,West,Office Supplies,Paper,1084.16,17.78,0.0
ORD-20250873,2025-09-22,CUST-265,South,Office Supplies,Storage,165.9,14.74,0.1
ORD-20250874,2025-09-23,CUST-178,West,Furniture,Furnishings,1171.37,52.72,0.1
ORD-20250875,2025-09-23,CUST-129,South,Furniture,Chairs,1132.46,-31.08,0.1
ORD-20250876,2025-09-23,CUST-205,West,Technology,Phones,1156.26,186.43,0.0
ORD-20250877,2025-09-23,CUST-150,South,Technology,Laptops,566.72,153.26,0.05
ORD-20250878,2025-09-24,CUST-180,Central,Technology,Phones,1550.23,469.43,0.15
ORD-20250879,2025-09-24,CUST-232,West,Technology,Laptops,1727.86,-33.2,0.0
ORD-20250880,2025-09-24,CUST-128,South,Technology,Printers,407.53,82.03,0.05
ORD-20250881,2025-09-25,CUST-231,East,Furniture,Furnishings,176.91,31.67,0.0
ORD-20250882,2025-09-25,CUST-237,South,Technology,Accessories,366.27,16.2,0.05
ORD-20250883,2025-09-25,CUST-283,Central,Technology,Accessories,1480.58,-136.18,0.15
ORD-20250884,2025-09-26,CUST-244,East,Furniture,Bookcases,1224.43,232.29,0.05
ORD-20250885,2025-09-26,CUST-173,Central,Office Supplies,Paper,1152.16,342.32,0.05
ORD-20250886,2025-09-26,CUST-116,South,Technology,Printers,735.19,121.67,0.05
ORD-20250887,2025-09-26,CUST-183,East,Office Supplies,Binders,1048.53,86.84,0.05
ORD-20250888,2025-09-27,CUST-168,West,Office Supplies,Storage,568.02,68.48,0.0
ORD-20250889,2025-09-27,CUST-133,Central,Technology,Laptops,869.42,-14.05,0.0
ORD-20250890,2025-09-27,CUST-105,Central,Office Supplies,Binders,1431.65,308.13,0.05
ORD-20250891,2025-09-28,CUST-152,West,Furniture,Bookcases,1766.61,377.16,0.1
ORD-20250892,2025-09-28,CUST-293,East,Furniture,Furnishings,1679.83,-65.32,0.05
ORD-20250893,2025-09-28,CUST-225,East,Furniture,Bookcases,1682.28,452.11,0.0
ORD-20250894,2025-09-29,CUST-142,West,Furniture,Tables,735.96,9.61,0.0
ORD-20250895,2025-09-29,CUST-214,West,Furniture,Bookcases,854.45,267.06,0.0
ORD-20250896,2025-09-29,CUST-210,South,Furniture,Tables,1276.03,77.61,0.2
ORD-20250897,2025-09-30,CUST-250,East,Furniture,Tables,1661.5,-42.02,0.05
ORD-20250898,2025-09-30,CUST-282,Central,Office Supplies,Storage,272.75,13.02,0.0
ORD-20250899,2025-09-30,CUST-179,East,Furniture,Chairs,561.55,47.66,0.0
ORD-20250900,2025-09-30,CUST-194,East,Office Supplies,Storage,267.86,-18.99,0.2
ORD-20250901,2025-10-01,CUST-217,West,Technology,Phones,1109.38,158.48,0.0
ORD-20250902,2025-10-01,CUST-243,West,Technology,Laptops,565.22,85.35,0.15
ORD-20250903,2025-10-01,CUST-107,Central,Office Supplies,Binders,600.47,126.31,0.0
ORD-20250904,2025-10-02,CUST-231,South,Technology,Phones,146.23,-12.83,0.2
ORD-20250905,2025-10-02,CUST-203,Central,Technology,Laptops,642.64,81.82,0.15
ORD-20250906,2025-10-02,CUST-231,South,Technology,Phones,1555.24,-120.96,0.05
ORD-20250907,2025-10-03,CUST-283,South,Technology,Phones,434.87,84.57,0.0
ORD-20250908,2025-10-03,CUST-124,West,Office Supplies,Binders,1257.43,-96.31,0.0
ORD-20250909,2025-10-03,CUST-294,Central,Furniture,Furnishings,1140.74,322.74,0.05
ORD-20250910,2025-10-03,CUST-195,Central,Office Supplies,Paper,1557.0,303.42,0.05
ORD-20250911,2025-10-04,CUST-294,East,Furniture,Bookcases,255.47,28.89,0.0
ORD-20250912,2025-10-04,CUST-254,Central,Furniture,Bookcases,1760.11,150.37,0.0
ORD-20250913,2025-10-04,CUST-192,East,Technology,Laptops,1057.08,-47.69,0.05
ORD-20250914,2025-10-05,CUST-259,West,Furniture,Furnishings,1791.94,39.82,0.05
ORD-20250915,2025-10-05,CUST-277,Central,Technology,Laptops,1642.5,435.2,0.0
ORD-20250916,2025-10-05,CUST-160,East,Office Supplies,Appliances,414.3,115.95,0.0
ORD-20250917,2025-10-06,CUST-221,East,Office Supplies,Paper,119.97,-11.96,0.2
ORD-20250918,2025-10-06,CUST-150,South,Technology,Phones,475.04,71.04,0.05
ORD-20250919,2025-10-06,CUST-246,Central,Office Supplies,Paper,959.06,193.83,0.1
ORD-20250920,2025-10-06,CUST-120,East,Office Supplies,Paper,325.44,52.03,0.05
ORD-20250921,2025-10-07,CUST-104,Central,Office Supplies,Storage,318.08,-20.9,0.0
ORD-20250922,2025-10-07,CUST-191,West,Technology,Accessories,843.42,-7.22,0.0
ORD-20250923,2025-10-07,CUST-269,West,Furniture,Tables,79.22,0.41,0.0
ORD-20250924,2025-10-08,CUST-160,South,Furniture,Furnishings,236.96,59.08,0.15
ORD-20250925,2025-10-08,CUST-121,Central,Technology,Phones,760.23,71.88,0.1
ORD-20250926,2025-10-08,CUST-248,West,Technology,Phones,132.37,13.83,0.0
ORD-20250927,2025-10-09,CUST-169,Central,Office Supplies,Appliances,726.22,212.53,0.2
ORD-20250928,2025-10-09,CUST-100,South,Technology,Printers,863.73,144.74,0.0
ORD-20250929,2025-10-09,CUST-232,East,Furniture,Tables,823.25,228.4,0.2
ORD-20250930,2025-10-10,CUST-111,East,Office Supplies,Appliances,1567.13,143.76,0.2
ORD-20250931,2025-10-10,CUST-189,East,Office Supplies,Paper,963.51,-35.88,0.0
ORD-20250932,2025-10-10,CUST-145,Central,Technology,Phones,853.01,247.86,0.0
ORD-20250933,2025-10-10,CUST-133,Central,Office Supplies,Paper,751.06,69.59,0.05
ORD-20250934,2025-10-11,CUST-276,Central,Technology,Phones,1475.37,-34.99,0.1
ORD-20250935,2025-10-11,CUST-177,South,Technology,Phones,1613.2,43.57,0.05
ORD-20250936,2025-10-11,CUST-144,Central,Furniture,Tables,1538.77,-121.04,0.2
ORD-20250937,2025-10-12,CUST-254,East,Furniture,Chairs,1218.91,117.85,0.1
ORD-20250938,2025-10-12,CUST-172,West,Furniture,Tables,264.5,68.32,0.0
ORD-20250939,2025-10-12,CUST-125,West,Furniture,Chairs,512.83,149.8,0.0
ORD-20250940,2025-10-13,CUST-146,West,Technology,Accessories,101.99,29.75,0.1
ORD-20250941,2025-10-13,CUST-220,Central,Technology,Accessories,1676.87,-79.49,0.0
ORD-20250942,2025-10-13,CUST-155,South,Furniture,Bookcases,1196.22,72.33,0.1
ORD-20250943,2025-10-13,CUST-193,West,Office Supplies,Storage,1348.53,-118.86,0.0
ORD-20250944,2025-10-14,CUST-206,West,Furniture,Tables,574.6,148.92,0.0
ORD-20250945,2025-10-14,CUST-162,Central,Technology,Laptops,1525.26,77.3,0.0
ORD-20250946,2025-10-14,CUST-147,West,Furniture,Furnishings,482.09,79.58,0.1
ORD-20250947,2025-10-15,CUST-160,East,Technology,Phones,22.93,4.59,0.0
ORD-20250948,2025-10-15,CUST-180,West,Technology,Accessories,690.02,55.57,0.1
ORD-20250949,2025-10-15,CUST-125,East,Office Supplies,Binders,1035.96,29.74,0.05
ORD-20250950,2025-10-16,CUST-135,South,Technology,Phones,872.09,265.23,0.1
ORD-20250951,2025-10-16,CUST-100,East,Technology,Phones,1554.5,474.25,0.05
ORD-20250952,2025-10-16,CUST-107,West,Office Supplies,Binders,207.62,4.48,0.0
ORD-20250953,2025-10-17,CUST-212,West,Furniture,Bookcases,1005.81,102.03,0.1
ORD-20250954,2025-10-17,CUST-198,South,Furniture,Furnishings,933.1,287.95,0.0
ORD-20250955,2025-10-17,CUST-279,East,Technology,Phones,520.88,-51.02,0.05
ORD-20250956,2025-10-17,CUST-146,East,Technology,Printers,1483.57,108.78,0.0
ORD-20250957,2025-10-18,CUST-226,East,Technology,Accessories,1360.07,-78.62,0.1
ORD-20250958,2025-10-18,CUST-155,East,Technology,Accessories,1324.49,150.79,0.2
ORD-20250959,2025-10-18,CUST-113,East,Office Supplies,Appliances,1579.62,-141.59,0.05
ORD-20250960,2025-10-19,CUST-127,Central,Office Supplies,Storage,1306.56,92.63,0.05
ORD-20250961,2025-10-19,CUST-177,East,Office Supplies,Paper,432.68,-3.16,0.1
ORD-20250962,2025-10-19,CUST-229,East,Office Supplies,Appliances,1275.9,158.2,0.0
ORD-20250963,2025-10-20,CUST-208,Central,Furniture,Bookcases,567.71,180.71,0.2
ORD-20250964,2025-10-20,CUST-253,West,Office Supplies,Appliances,451.07,106.55,0.0
ORD-20250965,2025-10-20,CUST-113,West,Furniture,Chairs,149.95,38.26,0.2
ORD-20250966,2025-10-20,CUST-286,West,Furniture,Bookcases,1344.37,224.26,0.1
ORD-20250967,2025-10-21,CUST-155,South,Furniture,Chairs,1285.58,-106.12,0.1
ORD-20250968,2025-10-21,CUST-214,East,Technology,Accessories,437.41,-5.75,0.1
ORD-20250969,2025-10-21,CUST-106,South,Furniture,Tables,1353.89,390.63,0.05
ORD-20250970,2025-10-22,CUST-102,Central,Office Supplies,Storage,1653.76,88.92,0.05
ORD-20250971,2025-10-22,CUST-210,East,Technology,Printers,212.29,-11.99,0.0
ORD-20250972,2025-10-22,CUST-250,South,Technology,Accessories,434.09,84.65,0.1
ORD-20250973,2025-10-23,CUST-206,East,Furniture,Chairs,1355.46,34.93,0.1
ORD-20250974,2025-10-23,CUST-117,East,Office Supplies,Paper,508.62,6.57,0.15
ORD-20250975,2025-10-23,CUST-137,Central,Furniture,Bookcases,1131.9,361.25,0.05
ORD-20250976,2025-10-23,CUST-214,Central,Office Supplies,Appliances,164.47,42.83,0.0
ORD-20250977,2025-10-24,CUST-114,Central,Technology,Laptops,824.92,58.84,0.0
ORD-20250978,2025-10-24,CUST-291,East,Furniture,Furnishings,1335.58,416.31,0.1
ORD-20250979,2025-10-24,CUST-218,West,Technology,Laptops,1241.99,214.92,0.0
ORD-20250980,2025-10-25,CUST-127,Central,Office Supplies,Paper,1470.83,311.3,0.0
ORD-20250981,2025-10-25,CUST-138,West,Furniture,Furnishings,1581.86,-137.25,0.15
ORD-20250982,2025-10-25,CUST-284,West,Technology,Laptops,1396.27,-68.31,0.05
ORD-20250983,2025-10-26,CUST-116,East,Technology,Accessories,1215.43,201.63,0.05
ORD-20250984,2025-10-26,CUST-185,East,Technology,Phones,76.47,21.23,0.0
ORD-20250985,2025-10-26,CUST-225,South,Furniture,Bookcases,972.24,157.48,0.1
ORD-20250986,2025-10-27,CUST-143,West,Technology,Phones,87.1,-3.81,0.0
ORD-20250987,2025-10-27,CUST-124,South,Furniture,Furnishings,1458.36,-74.93,0.1
ORD-20250988,2025-10-27,CUST-244,West,Furniture,Furnishings,590.89,150.42,0.0
ORD-20250989,2025-10-27,CUST-112,Central,Technology,Phones,1021.12,-42.37,0.15
ORD-20250990,2025-10-28,CUST-124,East,Technology,Phones,517.41,61.31,0.05
ORD-20250991,2025-10-28,CUST-167,West,Technology,Phones,1412.85,-119.26,0.05
ORD-20250992,2025-10-28,CUST-237,East,Office Supplies,Appliances,1597.97,-105.66,0.1
ORD-20250993,2025-10-29,CUST-166,West,Technology,Laptops,729.58,133.07,0.1
ORD-20250994,2025-10-29,CUST-208,West,Office Supplies,Storage,1556.0,294.79,0.0
ORD-20250995,2025-10-29,CUST-245,South,Office Supplies,Storage,495.39,21.51,0.1
ORD-20250996,2025-10-30,CUST-210,Central,Furniture,Furnishings,971.7,-9.18,0.0
ORD-20250997,2025-10-30,CUST-210,East,Office Supplies,Storage,1548.6,374.39,0.2
ORD-20250998,2025-10-30,CUST-133,East,Furniture,Chairs,600.07,-5.29,0.15
ORD-20250999,2025-10-30,CUST-210,East,Office Supplies,Binders,1718.2,219.33,0.0
ORD-20251000,2025-10-31,CUST-107,West,Technology,Accessories,236.95,72.66,0.15
ORD-20251001,2025-10-31,CUST-267,Central,Technology,Laptops,52.53,-1.99,0.0
ORD-20251002,2025-10-31,CUST-212,South,Office Supplies,Paper,1629.36,480.93,0.0
ORD-20251003,2025-11-01,CUST-182,East,Office Supplies,Storage,142.19,-3.3,0.2
ORD-20251004,2025-11-01,CUST-141,West,Office Supplies,Appliances,1785.56,246.99,0.1
ORD-20251005,2025-11-01,CUST-268,West,Technology,Laptops,1713.49,99.97,0.05
ORD-20251006,2025-11-02,CUST-200,Central,Technology,Phones,263.9,80.56,0.0
ORD-20251007,2025-11-02,CUST-105,West,Office Supplies,Binders,976.9,14.54,0.0
ORD-20251008,2025-11-02,CUST-279,Central,Technology,Accessories,349.16,23.69,0.2
ORD-20251009,2025-11-03,CUST-125,Central,Office Supplies,Storage,782.12,244.65,0.0
ORD-20251010,2025-11-03,CUST-163,East,Office Supplies,Appliances,129.34,16.21,0.0
ORD-20251011,2025-11-03,CUST-286,Central,Furniture,Chairs,418.59,46.51,0.05
ORD-20251012,2025-11-03,CUST-283,East,Furniture,Chairs,666.63,5.51,0.05
ORD-20251013,2025-11-04,CUST-158,Central,Furniture,Furnishings,800.79,155.81,0.05
ORD-20251014,2025-11-04,CUST-208,West,Technology,Printers,1759.94,-165.37,0.0
ORD-20251015,2025-11-04,CUST-297,West,Office Supplies,Paper,1458.0,-115.48,0.0
ORD-20251016,2025-11-05,CUST-220,South,Furniture,Tables,1332.59,202.19,0.0
ORD-20251017,2025-11-05,CUST-132,South,Office Supplies,Binders,975.93,42.46,0.2
ORD-20251018,2025-11-05,CUST-280,Central,Technology,Printers,1515.2,455.16,0.0
ORD-20251019,2025-11-06,CUST-249,West,Office Supplies,Binders,623.99,174.31,0.1
ORD-20251020,2025-11-06,CUST-120,Central,Furniture,Chairs,1281.84,256.06,0.1
ORD-20251021,2025-11-06,CUST-297,West,Technology,Accessories,1788.94,435.82,0.15
ORD-20251022,2025-11-06,CUST-169,South,Technology,Accessories,580.04,104.57,0.15
ORD-20251023,2025-11-07,CUST-211,West,Office Supplies,Binders,1219.75,-57.64,0.0
ORD-20251024,2025-11-07,CUST-103,South,Office Supplies,Appliances,1522.88,337.36,0.0
ORD-20251025,2025-11-07,CUST-193,South,Office Supplies,Appliances,1650.14,-19.34,0.05
ORD-20251026,2025-11-08,CUST-174,Central,Technology,Printers,1297.92,46.53,0.0
ORD-20251027,2025-11-08,CUST-289,East,Technology,Printers,524.82,128.1,0.1
ORD-20251028,2025-11-08,CUST-161,East,Furniture,Furnishings,600.78,75.3,0.1
ORD-20251029,2025-11-09,CUST-193,South,Furniture,Tables,56.95,14.87,0.15
ORD-20251030,2025-11-09,CUST-194,East,Furniture,Bookcases,1374.38,-14.47,0.0
ORD-20251031,2025-11-09,CUST-251,South,Office Supplies,Storage,96.08,14.92,0.2
ORD-20251032,2025-11-09,CUST-154,West,Office Supplies,Binders,1559.08,-101.04,0.0
ORD-20251033,2025-11-10,CUST-236,West,Office Supplies,Appliances,231.22,39.33,0.05
ORD-20251034,2025-11-10,CUST-230,South,Office Supplies,Binders,325.94,71.79,0.05
ORD-20251035,2025-11-10,CUST-130,Central,Furniture,Bookcases,868.22,126.47,0.1
ORD-20251036,2025-11-11,CUST-139,West,Furniture,Chairs,1333.43,15.76,0.05
ORD-20251037,2025-11-11,CUST-135,West,Furniture,Tables,267.42,-23.22,0.2
ORD-20251038,2025-11-11,CUST-251,West,Office Supplies,Appliances,803.33,-40.03,0.2
ORD-20251039,2025-11-12,CUST-105,Central,Technology,Accessories,879.48,141.92,0.15
ORD-20251040,2025-11-12,CUST-165,East,Furniture,Bookcases,397.87,116.36,0.0
ORD-20251041,2025-11-12,CUST-174,South,Technology,Accessories,225.69,-2.99,0.15
ORD-20251042,2025-11-13,CUST-103,South,Furniture,Bookcases,1508.83,314.91,0.1
ORD-20251043,2025-11-13,CUST-178,West,Office Supplies,Appliances,914.39,241.32,0.0
ORD-20251044,2025-11-13,CUST-233,Central,Office Supplies,Paper,45.6,5.42,0.0
ORD-20251045,2025-11-13,CUST-217,West,Technology,Accessories,1449.31,262.46,0.0
ORD-20251046,2025-11-14,CUST-212,West,Office Supplies,Binders,1765.81,427.87,0.0
ORD-20251047,2025-11-14,CUST-193,South,Office Supplies,Paper,1098.55,10.42,0.05
ORD-20251048,2025-11-14,CUST-278,East,Technology,Accessories,916.6,22.64,0.2
ORD-20251049,2025-11-15,CUST-161,East,Technology,Phones,1583.58,-157.94,0.05
ORD-20251050,2025-11-15,CUST-284,West,Technology,Laptops,1715.48,522.36,0.05
ORD-20251051,2025-11-15,CUST-293,West,Technology,Accessories,1363.08,388.98,0.2
ORD-20251052,2025-11-16,CUST-178,West,Office Supplies,Binders,812.91,179.75,0.0
ORD-20251053,2025-11-16,CUST-235,Central,Furniture,Furnishings,1074.15,-71.74,0.15
ORD-20251054,2025-11-16,CUST-125,Central,Office Supplies,Storage,1267.66,111.49,0.05
ORD-20251055,2025-11-16,CUST-278,Central,Technology,Accessories,365.81,-20.93,0.05
ORD-20251056,2025-11-17,CUST-272,East,Technology,Accessories,816.02,-76.15,0.0
ORD-20251057,2025-11-17,CUST-143,West,Furniture,Bookcases,1497.08,237.73,0.05
ORD-20251058,2025-11-17,CUST-232,East,Technology,Printers,1185.41,359.83,0.0
ORD-20251059,2025-11-18,CUST-169,East,Furniture,Bookcases,751.94,209.95,0.1
ORD-20251060,2025-11-18,CUST-253,West,Office Supplies,Paper,1200.79,231.32,0.0
ORD-20251061,2025-11-18,CUST-217,East,Furniture,Bookcases,230.44,-13.69,0.15
ORD-20251062,2025-11-19,CUST-167,East,Furniture,Furnishings,734.67,11.13,0.0
ORD-20251063,2025-11-19,CUST-118,East,Technology,Accessories,1431.77,49.29,0.0
ORD-20251064,2025-11-19,CUST-119,South,Technology,Phones,412.51,90.97,0.1
ORD-20251065,2025-11-20,CUST-212,South,Technology,Printers,351.01,83.17,0.0
ORD-20251066,2025-11-20,CUST-239,Central,Furniture,Furnishings,1712.46,105.74,0.1
ORD-20251067,2025-11-20,CUST-146,South,Technology,Phones,393.62,29.72,0.2
ORD-20251068,2025-11-20,CUST-100,Central,Furniture,Chairs,484.44,-39.39,0.1
ORD-20251069,2025-11-21,CUST-189,West,Furniture,Chairs,1745.92,37.43,0.0
ORD-20251070,2025-11-21,CUST-241,East,Furniture,Chairs,1327.78,118.89,0.05
ORD-20251071,2025-11-21,CUST-163,Central,Technology,Phones,1265.28,-64.36,0.1
ORD-20251072,2025-11-22,CUST-137,Central,Technology,Printers,1538.21,139.01,0.15
ORD-20251073,2025-11-22,CUST-136,Central,Office Supplies,Appliances,226.17,58.43,0.0
ORD-20251074,2025-11-22,CUST-225,Central,Office Supplies,Storage,1276.6,184.03,0.05
ORD-20251075,2025-11-23,CUST-238,West,Furniture,Bookcases,916.57,-61.27,0.05
ORD-20251076,2025-11-23,CUST-199,Central,Technology,Laptops,1495.89,-29.17,0.0
ORD-20251077,2025-11-23,CUST-176,South,Office Supplies,Storage,924.49,91.81,0.0
ORD-20251078,2025-11-23,CUST-102,West,Office Supplies,Storage,1124.03,58.25,0.05
ORD-20251079,2025-11-24,CUST-260,Central,Technology,Phones,870.38,44.1,0.15
ORD-20251080,2025-11-24,CUST-233,West,Office Supplies,Paper,871.12,106.53,0.2
ORD-20251081,2025-11-24,CUST-277,Central,Technology,Accessories,1386.99,201.73,0.1
ORD-20251082,2025-11-25,CUST-109,Central,Furniture,Tables,1138.85,267.27,0.0
ORD-20251083,2025-11-25,CUST-104,East,Furniture,Chairs,1147.21,49.57,0.0
ORD-20251084,2025-11-25,CUST-250,Central,Technology,Accessories,821.5,195.76,0.2
ORD-20251085,2025-11-26,CUST-237,East,Office Supplies,Storage,965.37,40.75,0.2
ORD-20251086,2025-11-26,CUST-271,Central,Office Supplies,Appliances,1347.38,-103.37,0.2
ORD-20251087,2025-11-26,CUST-229,West,Furniture,Tables,1490.17,197.83,0.1
ORD-20251088,2025-11-26,CUST-112,Central,Technology,Printers,1259.88,185.1,0.0
ORD-20251089,2025-11-27,CUST-267,East,Technology,Laptops,1664.85,486.98,0.15
ORD-20251090,2025-11-27,CUST-229,Central,Technology,Phones,1480.18,303.36,0.05
ORD-20251091,2025-11-27,CUST-183,East,Office Supplies,Binders,1020.12,291.21,0.0
ORD-20251092,2025-11-28,CUST-164,South,Technology,Accessories,1215.1,342.06,0.1
ORD-20251093,2025-11-28,CUST-162,South,Furniture,Bookcases,1668.83,256.87,0.0
ORD-20251094,2025-11-28,CUST-200,South,Office Supplies,Binders,1122.12,136.52,0.0
ORD-20251095,2025-11-29,CUST-172,Central,Technology,Laptops,1488.16,199.6,0.05
ORD-20251096,2025-11-29,CUST-116,Central,Office Supplies,Binders,1246.08,387.4,0.05
ORD-20251097,2025-11-29,CUST-108,East,Technology,Printers,1002.45,225.28,0.15
ORD-20251098,2025-11-30,CUST-242,West,Office Supplies,Binders,450.47,-24.94,0.0
ORD-20251099,2025-11-30,CUST-251,West,Furniture,Chairs,778.28,176.62,0.0
ORD-20251100,2025-11-30,CUST-137,Central,Technology,Printers,1742.58,-49.44,0.0
ORD-20251101,2025-11-30,CUST-262,South,Technology,Printers,1190.82,104.66,0.0
ORD-20251102,2025-12-01,CUST-193,East,Furniture,Tables,1024.62,-11.89,0.0
ORD-20251103,2025-12-01,CUST-194,South,Office Supplies,Paper,1680.66,318.69,0.1
ORD-20251104,2025-12-01,CUST-148,Central,Office Supplies,Appliances,1063.99,285.65,0.05
ORD-20251105,2025-12-02,CUST-168,Central,Furniture,Bookcases,956.43,21.0,0.1
ORD-20251106,2025-12-02,CUST-161,East,Technology,Printers,1371.57,-89.91,0.2
ORD-20251107,2025-12-02,CUST-287,East,Technology,Laptops,1288.54,32.69,0.1
ORD-20251108,2025-12-03,CUST-277,West,Technology,Phones,363.82,66.36,0.0
ORD-20251109,2025-12-03,CUST-177,Central,Furniture,Tables,858.93,32.71,0.0
ORD-20251110,2025-12-03,CUST-216,East,Office Supplies,Storage,861.08,14.47,0.15
ORD-20251111,2025-12-03,CUST-219,West,Furniture,Bookcases,693.24,-15.62,0.05
ORD-20251112,2025-12-04,CUST-236,South,Technology,Accessories,940.78,102.5,0.15
ORD-20251113,2025-12-04,CUST-261,Central,Furniture,Tables,755.33,12.01,0.15
ORD-20251114,2025-12-04,CUST-175,South,Office Supplies,Appliances,374.83,77.6,0.2
ORD-20251115,2025-12-05,CUST-134,West,Office Supplies,Binders,754.01,-51.14,0.2
ORD-20251116,2025-12-05,CUST-100,West,Office Supplies,Paper,148.65,26.59,0.05
ORD-20251117,2025-12-05,CUST-139,Central,Technology,Printers,1044.9,-0.23,0.0
ORD-20251118,2025-12-06,CUST-163,West,Technology,Accessories,1539.51,162.41,0.2
ORD-20251119,2025-12-06,CUST-249,East,Office Supplies,Binders,1311.01,26.43,0.05
ORD-20251120,2025-12-06,CUST-159,East,Office Supplies,Storage,661.5,134.66,0.0
ORD-20251121,2025-12-07,CUST-163,West,Technology,Accessories,174.99,51.98,0.1
ORD-20251122,2025-12-07,CUST-192,East,Office Supplies,Paper,379.83,108.32,0.05
ORD-20251123,2025-12-07,CUST-171,West,Office Supplies,Appliances,990.97,143.73,0.15
ORD-20251124,2025-12-07,CUST-110,East,Furniture,Chairs,388.56,36.64,0.1
ORD-20251125,2025-12-08,CUST-204,East,Office Supplies,Paper,988.27,240.83,0.0
ORD-20251126,2025-12-08,CUST-113,Central,Furniture,Chairs,432.25,80.83,0.2
ORD-20251127,2025-12-08,CUST-159,West,Furniture,Bookcases,1531.08,-35.07,0.15
ORD-20251128,2025-12-09,CUST-129,Central,Furniture,Chairs,727.14,177.99,0.1
ORD-20251129,2025-12-09,CUST-134,East,Office Supplies,Paper,457.08,36.63,0.0
ORD-20251130,2025-12-09,CUST-264,East,Office Supplies,Appliances,1465.94,-30.24,0.0
ORD-20251131,2025-12-10,CUST-104,Central,Office Supplies,Appliances,630.25,11.57,0.1
ORD-20251132,2025-12-10,CUST-182,West,Technology,Phones,218.45,2.7,0.0
ORD-20251133,2025-12-10,CUST-222,West,Office Supplies,Appliances,1035.33,122.24,0.0
ORD-20251134,2025-12-10,CUST-177,West,Office Supplies,Appliances,1055.18,-1.65,0.1
ORD-20251135,2025-12-11,CUST-253,South,Office Supplies,Paper,1292.16,-62.16,0.05
ORD-20251136,2025-12-11,CUST-161,West,Office Supplies,Storage,447.59,-21.51,0.05
ORD-20251137,2025-12-11,CUST-231,West,Office Supplies,Paper,809.91,117.42,0.0
ORD-20251138,2025-12-12,CUST-188,Central,Furniture,Furnishings,522.61,109.02,0.05
ORD-20251139,2025-12-12,CUST-141,West,Furniture,Bookcases,164.1,5.75,0.1
ORD-20251140,2025-12-12,CUST-188,West,Technology,Laptops,1580.37,-135.04,0.0
ORD-20251141,2025-12-13,CUST-245,West,Furniture,Bookcases,1317.39,-61.34,0.0
ORD-20251142,2025-12-13,CUST-139,Central,Furniture,Furnishings,556.6,158.17,0.1
ORD-20251143,2025-12-13,CUST-171,East,Office Supplies,Storage,1086.88,116.61,0.2
ORD-20251144,2025-12-13,CUST-138,East,Technology,Phones,378.25,34.23,0.1
ORD-20251145,2025-12-14,CUST-203,West,Technology,Laptops,1604.62,-134.82,0.0
ORD-20251146,2025-12-14,CUST-113,Central,Office Supplies,Binders,224.53,46.26,0.0
ORD-20251147,2025-12-14,CUST-131,East,Technology,Laptops,26.83,3.27,0.15
ORD-20251148,2025-12-15,CUST-278,South,Technology,Printers,913.57,-13.82,0.0
ORD-20251149,2025-12-15,CUST-224,West,Technology,Printers,1057.97,-56.89,0.1
ORD-20251150,2025-12-15,CUST-265,South,Technology,Laptops,1050.56,64.11,0.05
ORD-20251151,2025-12-16,CUST-196,South,Technology,Accessories,117.03,29.45,0.0
ORD-20251152,2025-12-16,CUST-122,West,Furniture,Tables,579.0,152.52,0.15
ORD-20251153,2025-12-16,CUST-162,East,Furniture,Bookcases,908.57,139.19,0.1
ORD-20251154,2025-12-17,CUST-242,East,Office Supplies,Storage,405.51,83.36,0.1
ORD-20251155,2025-12-17,CUST-252,East,Furniture,Furnishings,1573.27,-81.24,0.0
ORD-20251156,2025-12-17,CUST-244,Central,Office Supplies,Storage,175.05,25.73,0.0
ORD-20251157,2025-12-17,CUST-293,East,Technology,Laptops,887.54,159.87,0.05
ORD-20251158,2025-12-18,CUST-152,West,Technology,Printers,1250.72,-19.64,0.05
ORD-20251159,2025-12-18,CUST-203,West,Office Supplies,Paper,485.92,131.04,0.0
ORD-20251160,2025-12-18,CUST-203,South,Technology,Phones,1131.15,-20.48,0.0
ORD-20251161,2025-12-19,CUST-278,East,Furniture,Furnishings,1496.31,47.37,0.0
ORD-20251162,2025-12-19,CUST-138,East,Furniture,Tables,358.8,57.64,0.2
ORD-20251163,2025-12-19,CUST-278,East,Furniture,Chairs,1652.65,277.82,0.1
ORD-20251164,2025-12-20,CUST-297,South,Technology,Phones,1005.33,194.77,0.2
ORD-20251165,2025-12-20,CUST-233,Central,Technology,Accessories,552.63,-29.26,0.0
ORD-20251166,2025-12-20,CUST-166,East,Furniture,Bookcases,786.93,202.06,0.2
ORD-20251167,2025-12-20,CUST-234,East,Technology,Laptops,575.7,71.27,0.0
ORD-20251168,2025-12-21,CUST-278,East,Office Supplies,Appliances,1310.7,128.39,0.05
ORD-20251169,2025-12-21,CUST-299,East,Office Supplies,Binders,1437.42,448.56,0.15
ORD-20251170,2025-12-21,CUST-141,South,Office Supplies,Appliances,1502.63,316.99,0.0
ORD-20251171,2025-12-22,CUST-291,Central,Technology,Phones,1774.67,-89.51,0.05
ORD-20251172,2025-12-22,CUST-114,West,Office Supplies,Storage,1428.49,311.05,0.0
ORD-20251173,2025-12-22,CUST-210,South,Furniture,Tables,1090.46,-65.42,0.0
ORD-20251174,2025-12-23,CUST-256,East,Furniture,Tables,623.81,-55.18,0.1
ORD-20251175,2025-12-23,CUST-132,Central,Technology,Printers,989.38,68.78,0.1
ORD-20251176,2025-12-23,CUST-254,South,Office Supplies,Appliances,93.1,29.54,0.1
ORD-20251177,2025-12-24,CUST-263,West,Technology,Laptops,1345.79,-35.73,0.05
ORD-20251178,2025-12-24,CUST-256,Central,Furniture,Furnishings,813.8,148.53,0.1
ORD-20251179,2025-12-24,CUST-137,East,Technology,Laptops,55.64,-1.51,0.0
ORD-20251180,2025-12-24,CUST-284,East,Office Supplies,Binders,131.26,26.83,0.0
ORD-20251181,2025-12-25,CUST-196,East,Office Supplies,Binders,709.69,79.66,0.2
ORD-20251182,2025-12-25,CUST-254,West,Office Supplies,Paper,1058.49,196.44,0.0
ORD-20251183,2025-12-25,CUST-282,Central,Technology,Printers,846.28,-12.52,0.1
ORD-20251184,2025-12-26,CUST-132,South,Technology,Accessories,1122.18,239.21,0.0
ORD-20251185,2025-12-26,CUST-295,Central,Furniture,Bookcases,874.92,278.36,0.1
ORD-20251186,2025-12-26,CUST-185,South,Furniture,Furnishings,1197.83,215.1,0.1
ORD-20251187,2025-12-27,CUST-165,Central,Technology,Laptops,410.04,43.98,0.0
ORD-20251188,2025-12-27,CUST-109,East,Office Supplies,Storage,220.86,63.55,0.0
ORD-20251189,2025-12-27,CUST-104,West,Office Supplies,Storage,1081.65,-100.96,0.1
ORD-20251190,2025-12-27,CUST-222,East,Office Supplies,Appliances,882.75,182.35,0.0
ORD-20251191,2025-12-28,CUST-173,Central,Office Supplies,Storage,67.82,18.53,0.0
ORD-20251192,2025-12-28,CUST-196,South,Office Supplies,Binders,697.26,-51.66,0.1
ORD-20251193,2025-12-28,CUST-217,East,Technology,Printers,208.9,18.6,0.0
ORD-20251194,2025-12-29,CUST-137,Central,Furniture,Tables,965.82,-13.54,0.15
ORD-20251195,2025-12-29,CUST-240,Central,Office Supplies,Storage,724.48,99.93,0.05
ORD-20251196,2025-12-29,CUST-258,West,Technology,Accessories,1111.41,192.06,0.0
ORD-20251197,2025-12-30,CUST-146,West,Office Supplies,Binders,1453.97,39.41,0.1
ORD-20251198,2025-12-30,CUST-208,West,Furniture,Chairs,553.41,51.57,0.05
ORD-20251199,2025-12-30,CUST-279,East,Furniture,Bookcases,1732.54,30.01,0.0
ORD-20251200,2025-12-31,CUST-283,East,Office Supplies,Paper,973.43,53.68,0.05
